-- Bảng Role
INSERT INTO Role (role_id, role_name) VALUES
(1, 'ADMIN'),
(2, 'STAFF'),
(3, 'CLIENT'),
(4, 'GUIDE');

-- Bảng User
INSERT INTO User (user_id, role_id, user_name, password, full_name, phone, email, birthday, status, gender) VALUES
('1',1,'huuquan', '$2b$12$e8FcPoAx/faV9b5R0.FWx.OXX/EJ.KSJiT/BoEmz7Z2fF5tgWGP32', 			'Dương Hữu Quân', 		'0978919182', 'huuquan@gmail.com', '2004-08-31', 'active', True),
('2',1,'ngocbinh', '$2b$12$e8FcPoAx/faV9b5R0.FWx.OXX/EJ.KSJiT/BoEmz7Z2fF5tgWGP32', 			'Mai Ngọc Bình', 		'0978919183', 'ngocbinh@gmail.com', '2003-09-22', 'active', True),
('3',1,'quocbaopd08775', '$2b$12$e8FcPoAx/faV9b5R0.FWx.OXX/EJ.KSJiT/BoEmz7Z2fF5tgWGP32',	'Nguyễn Quốc Bảo', 	'0818881809', 'quocbaoseven@gmail.com', '2003-09-10', 'active', True),
('4',1,'dangquanpd07782', '$2b$12$e8FcPoAx/faV9b5R0.FWx.OXX/EJ.KSJiT/BoEmz7Z2fF5tgWGP32', 	'Nguyễn Đặng Quân', '0978919184', 'dangquan@gmail.com', '2003-08-31', 'active', True),
('5',1,'ngockhanh', '$2b$12$e8FcPoAx/faV9b5R0.FWx.OXX/EJ.KSJiT/BoEmz7Z2fF5tgWGP32', 'Phùng Ngọc Khánh', '0978919185', 'ngockhanh@gmail.com', '2004-08-27', 'active', True),
('6',1,'phuongtuan', '$2b$12$e8FcPoAx/faV9b5R0.FWx.OXX/EJ.KSJiT/BoEmz7Z2fF5tgWGP32', 'Nguyễn Phương tuấn', '0978919186', 'phuongtuan@gmail.com', '2003-08-27', 'active', True),
('7',2,'staff1','$2b$12$e8FcPoAx/faV9b5R0.FWx.OXX/EJ.KSJiT/BoEmz7Z2fF5tgWGP32', 'Nguyễn Văn Anh', 		'0978919187', 'vananh@gmail.com', '1983-12-30','active', True),
('8',2,'staff2','$2b$12$e8FcPoAx/faV9b5R0.FWx.OXX/EJ.KSJiT/BoEmz7Z2fF5tgWGP32', 'Nguyễn Văn Đức', 		'0389726438', 'vanduc@gmail.com', '2003-10-26','active', True),
('9',2,'staff3','$2b$12$e8FcPoAx/faV9b5R0.FWx.OXX/EJ.KSJiT/BoEmz7Z2fF5tgWGP32', 'Trần Lan Anh', 		'0978919189', 'lananh@gmail.com', '2004-8-19','active', False),
('10',3,'client1','$2b$12$e8FcPoAx/faV9b5R0.FWx.OXX/EJ.KSJiT/BoEmz7Z2fF5tgWGP32', 'Trần Đức Bo', 		'0978919188', 'quan.dh204@gmail.com', '2004-8-19','active', False),
('11',3,'client2','$2b$12$e8FcPoAx/faV9b5R0.FWx.OXX/EJ.KSJiT/BoEmz7Z2fF5tgWGP32', 'Trần Thị Bo', 			'0123456789', 'tranthibo@gmail.com', 		 	'1982-11-28','active', False),
('12',3,'client3', '$2b$12$e8FcPoAx/faV9b5R0.FWx.OXX/EJ.KSJiT/BoEmz7Z2fF5tgWGP32','Lê Văn Cam', 			'0987654320', 'levancam@gmail.com', 			'1984-10-20','active', True),
('13',3,'client4','$2b$12$e8FcPoAx/faV9b5R0.FWx.OXX/EJ.KSJiT/BoEmz7Z2fF5tgWGP32', 'Lê Thị Quy', 			'0987654321', 'lethiquy@gmail.com', 			'1977-12-20','active', False),
('14',3,'client5','$2b$12$e8FcPoAx/faV9b5R0.FWx.OXX/EJ.KSJiT/BoEmz7Z2fF5tgWGP32', 'Nguyễn Long Vũ', 		'0987654322', 'nguyenlongvu@gmail.com', 		'1998-12-22','active', True),
('15',3,'client6','$2b$12$e8FcPoAx/faV9b5R0.FWx.OXX/EJ.KSJiT/BoEmz7Z2fF5tgWGP32', 'Lê Phước Bảo Long',	'0987654323', 'lephuocbaolong@gmail.com', 		'2004-08-28','active', True),
('16',3,'client7', '$2b$12$e8FcPoAx/faV9b5R0.FWx.OXX/EJ.KSJiT/BoEmz7Z2fF5tgWGP32','Nguyễn Bá Minh Quang', '0987654324', 'nguyeaminhquang@gmail.com', 		'2004-09-16','active', True),
('17',3,'client8','$2b$12$e8FcPoAx/faV9b5R0.FWx.OXX/EJ.KSJiT/BoEmz7Z2fF5tgWGP32', 'Huỳnh Nguyên Hoàng', 	'0987654325', 'huynhnguyenhoang@gmail.com', 	'2004-12-01','active', True),
('18',3,'client9','$2b$12$e8FcPoAx/faV9b5R0.FWx.OXX/EJ.KSJiT/BoEmz7Z2fF5tgWGP32', 'Hồ Tuấn Bảo', 			'0987654326', 'hotuanbao@gmail.com', 			'2003-05-19','active', True),
('19',3,'client10','$2b$12$e8FcPoAx/faV9b5R0.FWx.OXX/EJ.KSJiT/BoEmz7Z2fF5tgWGP32', 'Phan Quốc Hòa', 		'0987654327', 'phanquochoa@gmail.com', 			'2003-01-07','active', True),
('20',4,'guide1','$2b$12$e8FcPoAx/faV9b5R0.FWx.OXX/EJ.KSJiT/BoEmz7Z2fF5tgWGP32', 'Lê Mỹ Duyên', 		'0987654328', 'myduyen@gmail.com', 			'2003-11-05','active', False),
('21',4,'guide2','$2b$12$e8FcPoAx/faV9b5R0.FWx.OXX/EJ.KSJiT/BoEmz7Z2fF5tgWGP32', 'Lê Phương Mai', 		'0987654329', 'phuongmai@gmail.com', 			'2003-06-18','active', False),
('22',4,'guide3','$2b$12$e8FcPoAx/faV9b5R0.FWx.OXX/EJ.KSJiT/BoEmz7Z2fF5tgWGP32', 'Nguyễn Quang Sang', 		'0987654310', 'quangsang@gmail.com', 			'2003-07-01','active', True),
('23',4,'guide4','$2b$12$e8FcPoAx/faV9b5R0.FWx.OXX/EJ.KSJiT/BoEmz7Z2fF5tgWGP32', 'Trần Tiến Đạt', 		'0987654311', 'tiendat@gmail.com', 			'2003-04-25','active', True);

-- Bảng Email
INSERT INTO Email (user_name, subject, content, status) VALUES
('staff1', 'Xác nhận đặt tour', 'Cảm ơn bạn đã đặt tour! Chúng tôi sẽ liên hệ sớm.', 'sent'),
('staff2', 'Thông báo khuyến mãi', 'Chúng tôi có chương trình khuyến mãi đặc biệt cho tour Đà Nẵng.', 'sent'),
('staff3', 'Chỉ dẫn đến Bà Nà Hills', 'Đây là chỉ dẫn để đến được Bà Nà Hills.', 'sent'),
('staff1', 'Thông tin đặt chỗ', 'Đặt chỗ của bạn đã được xác nhận.', 'sent'),
('staff2', 'Cảm ơn bạn đã sử dụng dịch vụ', 'Rất cảm ơn bạn đã chọn dịch vụ của chúng tôi.', 'sent'),
('staff3', 'Liên hệ hỗ trợ', 'Nếu bạn cần hỗ trợ, đừng ngần ngại liên hệ với chúng tôi.', 'sent');

-- Bảng Tour
INSERT INTO Tour (tour_id, tour_name, description, start_date, number_day, price, child_price, tour_status, min_capacity, sale, images) VALUES
('TOUR001', 'Tour Ngũ Hành Sơn - Hội An 1 ngày', 'Khám phá vẻ đẹp của Ngũ Hành Sơn và phố cổ Hội An trong một ngày.', '2024-12-20', '1 Ngày',  450000, 290000, 'available', 20, 15,'Ngũ-Hành-Sơn.jpg'),
('TOUR002', 'Khám Phá Bà Nà Hill 1 Ngày Giá Rẻ', 'Trải nghiệm cảnh đẹp và khí hậu trong lành tại Bà Nà Hills với giá hợp lý.', '2024-12-21', '1 Ngày',  1100000, 835000, 'available', 25, 15, 'Bà-Nà-Hills.jpg'),
('TOUR003', 'Tour Cù Lao Chàm 1 Ngày', 'Tham quan Cù Lao Chàm, vùng đảo thiên nhiên hoang sơ và đa dạng sinh thái.', '2024-12-25', '1 Ngày',  624000, 420000, 'available', 30, 20, 'Cu_Lao_Cham.jpg'),
('TOUR004', 'Tour Đà Nẵng Sơn Trà Ngắm Du Thuyền Sông Hàn 1 Ngày', 'Chiêm ngưỡng Đà Nẵng từ bán đảo Sơn Trà và du thuyền sông Hàn về đêm.', '2024-12-25', '1 Ngày', 585000, 350000, 'available', 40, 30, 'Du_Thuyen_song_han.jpg'),
('TOUR005', 'Tour Khám Phá Ngũ Hành Sơn - Làng Đá Non Nước', 'Tham quan Ngũ Hành Sơn và làng nghề điêu khắc đá truyền thống Non Nước.', '2024-12-25', '1 Ngày',  420000, 215000, 'available', 50, 25, 'lang-da-non-nuoc.jpg'),
('TOUR006', 'Tour Đà Nẵng - Mỹ Sơn - Cù Lao Chàm 3 Ngày 2 Đêm', 'Khám phá các di sản và thắng cảnh nổi tiếng của miền Trung trong 3 ngày.', '2024-12-25', '3 Ngày 2 Đêm',  4500000, 3490000, 'available', 30, 18, 'Thanh-dia-my-son.jpg'),
('TOUR007', 'Tour Đà Nẵng - Sơn Trà - Ngũ Hành Sơn 2 Ngày 1 Đêm', 'Trải nghiệm hành trình dài hơn để khám phá trọn vẹn Đà Nẵng và các di sản.', '2024-12-25', '2 Ngày 1 Đêm',  2000000, 1800000, 'available', 30, 25, 'son-tra.jpg'),
('TOUR008', 'Tour Đà Nẵng - Hội An - Bà Nà 2 Ngày 1 Đêm', 'Thưởng ngoạn phong cảnh và di sản Hội An, Bà Nà qua hành trình 2 ngày.', '2024-12-25', '2 Ngày 1 Đêm',  1400000, 1100000, 'available', 30, 15, 'Hội-An.jpg'),
('TOUR009', 'Tour Đà Nẵng 2 ngày 1 Đêm Bà Nà Hills - Hội An - Công Viên Châu Á', 'Chuyến du lịch kết hợp tham quan Bà Nà, Hội An, Cù Lao Chàm trong 2 ngày.', '2024-12-25', '2 Ngày 1 Đêm',  4400000, 3800000, 'available', 30, 10, 'cong-vien-chau-a.jpg');

-- Bảng Booking
INSERT INTO Booking (user_name, tour_id, cccd, total_price, amount_paid, payment_status, adult_count, child_count,content_payment ) VALUES
('client1', 'TOUR001', '042203004101', 1500000, 1500000, 'paid', 6, 4,'Chuyển tiền thành công'),
('client2', 'TOUR002', '042203004102', 800000, 800000, 'paid', 5, 1,'Chuyển tiền thành công'),
('client3', 'TOUR003', '042203004103', 500000, 150000, 'deposit',2 , 3,'Chuyển tiền thành công'),
('client4', 'TOUR004', '042203004104', 600000, 600000, 'paid', 5, 3,'Chuyển tiền thành công'),
('client5', 'TOUR005', '042203004105', 1200000, 1200000, 'paid', 7, 3,'Chuyển tiền thành công'),
('client6', 'TOUR006', '042203004106', 900000, 900000, 'paid', 8, 2,'Chuyển tiền thành công');

-- Bảng Tour_review
INSERT INTO Tour_review (user_name, tour_id, rating, comment) VALUES
('client1', 'TOUR001', 5, 'Rất tuyệt vời, cảnh đẹp và dịch vụ hoàn hảo!'),
('client2', 'TOUR002', 4, 'Thích thú với những điều kỳ diệu ở Ngũ Hành Sơn.'),
('client3', 'TOUR003', 3, 'Biển Mỹ Khê đẹp nhưng hơi đông người.'),
('client4', 'TOUR004', 5, 'Tour du ngoạn rất thú vị, ẩm thực ngon miệng.'),
('client5', 'TOUR005', 5, 'Trải nghiệm tuyệt vời trong lễ hội pháo hoa!'),
('client6', 'TOUR006', 4, 'Kỳ nghỉ thú vị ở bán đảo Sơn Trà, phong cảnh tuyệt đẹp.');

INSERT INTO Site (id, name, description, content, district) VALUES
('1','Ngũ Hành Sơn', 'Một trong những địa điểm du lịch nổi tiếng với các ngọn núi đá tự nhiên.', 'Khám Phá Ngũ Hành Sơn Đà Nẵng: Kỳ Quan Thiên Nhiên và Văn Hóa\n \n
Ngũ Hành Sơn, nằm cách trung tâm thành phố Đà Nẵng khoảng 8 km về phía đông nam, là một trong những điểm đến nổi tiếng, thu hút hàng nghìn du khách mỗi năm. Không chỉ nổi bật bởi vẻ đẹp tự nhiên hùng vĩ, Ngũ Hành Sơn còn là một di tích văn hóa, lịch sử có giá trị lớn, mang trong mình những câu chuyện huyền bí về tín ngưỡng và phong thủy. Trong bài viết này, chúng ta sẽ cùng tìm hiểu về lịch sử, cảnh quan, và ý nghĩa của Ngũ Hành Sơn đối với văn hóa địa phương.\n \n
1. Ngũ Hành Sơn – Cái Tên Đầy Ý Nghĩa\n \n
Ngũ Hành Sơn được đặt tên dựa trên thuyết ngũ hành của triết học phương Đông, gồm 5 ngọn núi tượng trưng cho 5 yếu tố Kim, Mộc, Thủy, Hỏa và Thổ. Các ngọn núi này bao gồm:\n
•	Kim Sơn: Là ngọn núi nhỏ nhất nhưng lại có nhiều hang động và di tích văn hóa. Đặc biệt, trong Kim Sơn có hang động Huyền Không, một địa điểm linh thiêng được người dân tin rằng có thể cầu nguyện và nhận được may mắn.\n
•	Mộc Sơn: Đây là ngọn núi ít được khám phá nhất trong cụm Ngũ Hành Sơn. Dù vậy, cảnh quan thiên nhiên ở đây vẫn rất ấn tượng với những tảng đá lớn và cây cối xanh tươi.\n
•	Thủy Sơn: Là ngọn núi lớn và nổi tiếng nhất trong quần thể, Thủy Sơn thu hút du khách với những ngôi chùa cổ kính, những bậc thang dẫn lên đỉnh núi với tầm nhìn bao quát ra bờ biển Non Nước. Chùa Tam Thai và chùa Linh Ứng trên Thủy Sơn là những điểm đến tâm linh quan trọng.\n
•	Hỏa Sơn: Được chia thành hai ngọn núi đôi là Âm Hỏa Sơn và Dương Hỏa Sơn, mang ý nghĩa về sự cân bằng âm dương trong phong thủy. Cả hai ngọn đều có những hang động kỳ bí và hệ thống đá vôi độc đáo.\n
•	Thổ Sơn: Là ngọn núi cao nhất và có ít cây cối, nhưng lại là nơi có nhiều hang động kỳ lạ và phong cảnh ngoạn mục.\n \n
2. Vẻ Đẹp Thiên Nhiên Của Ngũ Hành Sơn\n \n
Một trong những điểm nổi bật của Ngũ Hành Sơn chính là vẻ đẹp thiên nhiên hoang sơ và hùng vĩ. Ngũ Hành Sơn nằm gần bãi biển Non Nước xinh đẹp, mang đến sự hòa quyện giữa biển cả, núi non và bầu trời xanh ngắt. Cảnh quan ở đây thay đổi theo từng mùa, mỗi mùa đều mang một vẻ đẹp riêng, thu hút du khách quay lại nhiều lần.\n
Khi đặt chân đến Ngũ Hành Sơn, du khách có thể cảm nhận được không khí trong lành, mát mẻ dù có nhiều lúc nhiệt độ ngoài trời cao. Sự tĩnh lặng của thiên nhiên kết hợp với tiếng chuông chùa ngân nga trong gió khiến cho nơi đây trở thành điểm đến lý tưởng để tìm kiếm sự thư giãn và tĩnh tâm.\n \n
3. Các Hang Động Huyền Bí\n \n
Ngũ Hành Sơn không chỉ là nơi có những ngọn núi mà còn sở hữu nhiều hang động kỳ bí, với những hình thù kỳ dị của đá vôi tạo nên bởi thiên nhiên qua hàng triệu năm. Trong số đó, nổi bật nhất là động Huyền Không trên Thủy Sơn – một trong những hang động đẹp nhất tại đây.\n
Động Huyền Không không chỉ thu hút bởi sự kỳ vĩ của không gian bên trong mà còn bởi ánh sáng tự nhiên chiếu qua các lỗ hổng trên trần động, tạo nên những tia sáng lấp lánh như trong các câu chuyện huyền thoại. Đây cũng là nơi nhiều người đến để cầu nguyện với niềm tin rằng động Huyền Không là nơi giao hòa giữa trời và đất.\n
Ngoài ra, động Âm Phủ tại Hỏa Sơn cũng là một điểm đến hấp dẫn, gắn liền với những câu chuyện về âm phủ và địa ngục theo tín ngưỡng dân gian Việt Nam. Hang động này được xây dựng theo mô hình tượng trưng cho cuộc hành trình từ cuộc sống đến cái chết, với những bậc thang dẫn xuống địa ngục và trở lại cõi trần.\n \n
4. Các Ngôi Chùa Linh Thiêng\n \n
Ngũ Hành Sơn còn là nơi có nhiều ngôi chùa nổi tiếng và linh thiêng, nơi du khách và người dân địa phương đến để thắp hương, cầu nguyện. Trong đó, chùa Linh Ứng trên đỉnh Thủy Sơn là ngôi chùa quan trọng nhất. Từ đây, du khách có thể ngắm nhìn toàn cảnh thành phố Đà Nẵng và biển Non Nước từ trên cao.\n
Ngoài ra, chùa Tam Thai – một ngôi chùa cổ được xây dựng từ thế kỷ 17, cũng là một điểm đến không thể bỏ qua. Với kiến trúc cổ kính, đậm nét văn hóa truyền thống Việt Nam, chùa Tam Thai mang lại cho du khách cảm giác yên bình và tôn nghiêm khi bước chân vào đây.\n \n
5. Nghệ Thuật Đá Non Nước\n \n
Bên cạnh giá trị tự nhiên và tâm linh, Ngũ Hành Sơn còn nổi tiếng với làng nghề đá Non Nước – một làng nghề truyền thống có lịch sử hàng trăm năm. Các nghệ nhân tại đây đã sử dụng đá cẩm thạch từ Ngũ Hành Sơn để tạo ra những tác phẩm nghệ thuật tinh xảo như tượng Phật, linh vật, và các sản phẩm trang trí nội thất.\n
Làng đá Non Nước không chỉ phục vụ nhu cầu trong nước mà còn xuất khẩu ra nước ngoài, mang nét đẹp văn hóa và nghệ thuật Việt Nam đến với bạn bè quốc tế. Du khách khi đến đây có thể tham quan các cơ sở chế tác và mua những sản phẩm độc đáo về làm quà lưu niệm.\n \n
6. Tầm Quan Trọng Của Ngũ Hành Sơn Trong Văn Hóa Địa Phương\n \n
Ngũ Hành Sơn không chỉ là một danh thắng thiên nhiên mà còn là một phần không thể thiếu trong đời sống tinh thần của người dân Đà Nẵng. Với người dân nơi đây, Ngũ Hành Sơn là biểu tượng của sự bình an, là nơi họ đến để tìm kiếm sự thanh thản trong cuộc sống bận rộn.\n
Hằng năm, tại Ngũ Hành Sơn diễn ra nhiều lễ hội và sự kiện văn hóa, thu hút sự tham gia của đông đảo du khách và người dân. Lễ hội Quán Thế Âm, diễn ra vào tháng 2 âm lịch, là một trong những sự kiện lớn nhất, thu hút hàng nghìn người đến cầu nguyện cho một năm mới bình an và may mắn.\n \n
7. Lời Kết\n \n
Ngũ Hành Sơn không chỉ là một kỳ quan thiên nhiên mà còn là nơi lưu giữ những giá trị văn hóa, tâm linh quý báu của Đà Nẵng. Với cảnh quan hùng vĩ, các hang động huyền bí và những ngôi chùa cổ kính, nơi đây chắc chắn sẽ để lại ấn tượng sâu sắc trong lòng du khách. Nếu có dịp đến Đà Nẵng, đừng bỏ lỡ cơ hội khám phá Ngũ Hành Sơn, nơi mà thiên nhiên và con người hòa quyện trong một không gian tĩnh lặng và thanh bình.
', 'Ngũ Hành Sơn'),
('2','Bà Nà Hills', 'Khu du lịch nổi tiếng với cáp treo và cảnh đẹp.', 'Khám Phá Bà Nà Hills Đà Nẵng: Thiên Đường Trên Cao\n \n
Bà Nà Hills, được mệnh danh là “Sapa của miền Trung”, nằm cách trung tâm thành phố Đà Nẵng khoảng 25 km về phía Tây. Với độ cao hơn 1.400 mét so với mực nước biển, nơi đây không chỉ nổi tiếng với khí hậu mát mẻ quanh năm mà còn thu hút du khách bởi cảnh quan tuyệt đẹp và các công trình kiến trúc độc đáo. Được xây dựng với mục tiêu trở thành một khu nghỉ dưỡng đẳng cấp, Bà Nà Hills ngày nay đã trở thành một trong những điểm đến không thể bỏ qua khi ghé thăm Đà Nẵng.\n \n
1. Lịch Sử Hình Thành Bà Nà Hills\n \n
Khu du lịch Bà Nà Hills được người Pháp xây dựng vào năm 1919 như một khu nghỉ dưỡng trên núi dành cho giới thượng lưu Pháp tại Đông Dương. Tên gọi "Bà Nà" có nhiều cách giải thích, trong đó phổ biến nhất là sự kết hợp giữa tiếng Việt và tiếng dân tộc Cơ Tu, mang nghĩa "núi của các nàng tiên". Ban đầu, người Pháp đã xây dựng tại đây hơn 200 ngôi biệt thự, khách sạn và các công trình giải trí khác. Tuy nhiên, do chiến tranh và thiên nhiên khắc nghiệt, nhiều công trình đã bị tàn phá.\n
Sau nhiều năm, Bà Nà Hills được đầu tư và phục hồi bởi tập đoàn Sun Group, với việc xây dựng cáp treo và các khu vui chơi giải trí hiện đại. Ngày nay, Bà Nà Hills là một trong những khu du lịch nổi tiếng nhất Việt Nam với sự kết hợp hoàn hảo giữa thiên nhiên và kiến trúc.\n \n
2. Cáp Treo Bà Nà – Tuyến Cáp Treo Dài Kỷ Lục\n \n
Một trong những điểm đặc biệt khi đến với Bà Nà Hills là du khách sẽ được trải nghiệm hệ thống cáp treo đạt nhiều kỷ lục thế giới. Cáp treo Bà Nà được xây dựng theo tiêu chuẩn châu Âu và được công nhận là cáp treo không dừng dài nhất thế giới với chiều dài gần 6.000 mét. Không chỉ là phương tiện di chuyển, hành trình trên cáp treo còn mang đến cho du khách những trải nghiệm tuyệt vời khi được ngắm nhìn toàn cảnh rừng nguyên sinh, những thác nước trắng xóa và núi non hùng vĩ bên dưới.\n
Khi cáp treo từ từ đưa bạn lên đỉnh núi, không gian mở ra trước mắt là sự giao hòa giữa đất trời và mây núi. Đặc biệt, vào những ngày đẹp trời, bạn có thể ngắm nhìn thành phố Đà Nẵng, bờ biển và cảng Tiên Sa từ trên cao.\n \n
3. Khu Làng Pháp – Một Châu Âu Thu Nhỏ\n \n
Điểm nổi bật nhất tại Bà Nà Hills chắc chắn là khu Làng Pháp. Được xây dựng với kiến trúc Gothic cổ kính, Làng Pháp tại Bà Nà tái hiện lại hình ảnh của một thị trấn châu Âu vào thế kỷ 19. Với những ngôi nhà đá, nhà thờ lớn, quảng trường rộng lớn và các con phố nhỏ lát đá, du khách như lạc bước vào một không gian hoàn toàn khác biệt, vừa lãng mạn vừa cổ điển.\n
Tại đây, bạn có thể tận hưởng không khí châu Âu, tham quan các quán cà phê, nhà hàng phong cách Pháp hoặc chỉ đơn giản là đi dạo quanh các con phố và chụp những bức ảnh kỷ niệm tuyệt đẹp. Không cần phải đi xa, ngay tại Bà Nà, du khách đã có thể cảm nhận được sự lãng mạn và tinh tế của văn hóa châu Âu.\n \n
4. Cầu Vàng – Biểu Tượng Mới Của Du Lịch Đà Nẵng\n \n
Một trong những công trình nổi tiếng gần đây thu hút sự chú ý của du khách và cả báo giới quốc tế chính là Cầu Vàng. Được khánh thành vào tháng 6 năm 2018, Cầu Vàng nhanh chóng trở thành biểu tượng mới của du lịch Đà Nẵng. Cầu có thiết kế độc đáo với hai bàn tay khổng lồ nâng đỡ, tạo cảm giác như cây cầu được nâng lên từ lòng đất bởi những vị thần.\n
Cầu Vàng dài khoảng 150 mét, nằm ở độ cao 1.400 mét so với mực nước biển, và là nơi lý tưởng để ngắm toàn cảnh núi rừng Bà Nà hùng vĩ. Màu sắc vàng óng ánh của cây cầu nổi bật giữa nền trời xanh và mây trắng, tạo nên một khung cảnh vô cùng ấn tượng. Cầu Vàng không chỉ là điểm đến yêu thích của du khách mà còn là một trong những địa điểm chụp ảnh nổi tiếng nhất Việt Nam.\n \n
5. Fantasy Park – Khu Vui Chơi Giải Trí Đẳng Cấp Quốc Tế\n \n
Ngoài việc tham quan và tận hưởng không gian lãng mạn, Bà Nà Hills còn mang đến những trải nghiệm vui chơi giải trí với Fantasy Park – khu vui chơi trong nhà lớn nhất Việt Nam. Với diện tích hơn 21.000 mét vuông, Fantasy Park cung cấp hàng loạt trò chơi từ nhẹ nhàng đến mạo hiểm, phù hợp cho mọi lứa tuổi.\n
Du khách có thể tham gia các trò chơi điện tử, khám phá ngôi nhà ma ám, trượt thác, hoặc thử sức với các trò chơi cảm giác mạnh. Đặc biệt, Fantasy Park còn có một khu rạp phim 4D và 5D hiện đại, mang lại trải nghiệm giải trí tuyệt vời cho cả gia đình.\n
6. Chùa Linh Ứng và Tâm Linh Trên Đỉnh Bà Nà\n \n
Ngoài các công trình kiến trúc châu Âu và khu vui chơi giải trí, Bà Nà Hills còn là nơi du khách có thể tìm thấy sự yên bình tại Chùa Linh Ứng. Ngôi chùa này nằm trên đỉnh Bà Nà, cách khu vực trung tâm du lịch không xa, và là một trong ba ngôi chùa Linh Ứng nổi tiếng tại Đà Nẵng.\n
Chùa Linh Ứng Bà Nà nổi bật với tượng Phật Thích Ca cao 27 mét, tọa lạc uy nghiêm trên đỉnh núi, nhìn xuống cảnh quan hùng vĩ bên dưới. Ngôi chùa không chỉ là điểm dừng chân của du khách mà còn là nơi để người dân địa phương đến cầu nguyện và tìm kiếm sự bình an trong tâm hồn.\n \n
7. Khí Hậu Độc Đáo – Bốn Mùa Trong Một Ngày\n \n
Một trong những điểm hấp dẫn nhất của Bà Nà Hills chính là khí hậu. Với độ cao hơn 1.400 mét so với mực nước biển, nơi đây có khí hậu mát mẻ quanh năm. Điều đặc biệt là du khách có thể trải nghiệm cảm giác "bốn mùa trong một ngày" tại Bà Nà. Buổi sáng, thời tiết se lạnh như mùa xuân; buổi trưa ấm áp như mùa hè; buổi chiều mát mẻ như mùa thu; và buổi tối lại se se lạnh như mùa đông.\n
Khí hậu mát mẻ kết hợp với cảnh quan thiên nhiên tuyệt đẹp khiến cho Bà Nà trở thành nơi lý tưởng để nghỉ dưỡng và thư giãn. Du khách có thể tận hưởng không gian yên tĩnh, thoáng đãng và tránh xa sự ồn ào của thành phố.\n \n
8. Ẩm Thực Đa Dạng Tại Bà Nà Hills\n \n
Không chỉ là điểm tham quan, Bà Nà Hills còn nổi tiếng với ẩm thực đa dạng và phong phú. Tại đây, du khách có thể thưởng thức từ các món ăn Việt Nam truyền thống đến những món Âu tinh tế trong các nhà hàng sang trọng. Đặc biệt, bạn có thể thưởng thức buffet với hàng trăm món ăn ngon tại các nhà hàng lớn trong khu du lịch.\n
Một trong những trải nghiệm không thể bỏ qua là thưởng thức bữa ăn trong không gian lãng mạn, ngắm nhìn cảnh quan núi non tuyệt đẹp của Bà Nà từ trên cao.\n \n
9. Lời Kết\n \n
Bà Nà Hills không chỉ là một khu du lịch giải trí mà còn là một biểu tượng của sự kết hợp hoàn hảo giữa thiên nhiên và con người. Với khí hậu mát mẻ, cảnh quan hùng vĩ, các công trình kiến trúc độc đáo và hàng loạt hoạt động vui chơi giải trí, nơi đây chắc chắn sẽ để lại những kỷ niệm khó quên trong lòng du khách. Nếu có cơ hội đến Đà Nẵng, hãy dành một ngày để khám phá Bà Nà Hills – thiên đường trên cao giữa lòng miền Trung.
', 'Hòa Vang'),
('3','Cầu Rồng', 'Một trong những biểu tượng của Đà Nẵng.', 'Khám Phá Cầu Rồng Đà Nẵng: Biểu Tượng Của Thành Phố Biển\n \n
Cầu Rồng Đà Nẵng không chỉ là một công trình giao thông mà còn là biểu tượng độc đáo của thành phố trẻ trung và năng động này. Với thiết kế hiện đại mô phỏng hình ảnh một con rồng mạnh mẽ vươn ra biển lớn, cây cầu đã trở thành niềm tự hào của người dân Đà Nẵng và là điểm đến không thể bỏ qua của du khách mỗi khi đến thăm thành phố này. Trong bài viết này, chúng ta sẽ cùng khám phá Cầu Rồng – một trong những công trình kiến trúc ấn tượng nhất Việt Nam.\n \n
1. Cầu Rồng Đà Nẵng – Biểu Tượng Của Thành Phố Biển\n \n
Cầu Rồng được khánh thành vào ngày 29 tháng 3 năm 2013, nhân dịp kỷ niệm 38 năm ngày giải phóng thành phố Đà Nẵng. Đây là một công trình trọng điểm trong chiến lược phát triển đô thị của Đà Nẵng, nhằm kết nối khu vực trung tâm thành phố với các khu vực phía đông, đặc biệt là bãi biển Mỹ Khê – một trong những bãi biển đẹp nhất Việt Nam.\n
Với chiều dài 666 mét và rộng 37,5 mét, Cầu Rồng là cây cầu thép lớn nhất Việt Nam. Cầu có 6 làn xe, đảm bảo lưu thông dễ dàng và thuận tiện cho cư dân và du khách. Điều đặc biệt nhất là thiết kế của cây cầu mô phỏng hình dáng một con rồng vàng – biểu tượng của sức mạnh, quyền uy và thịnh vượng trong văn hóa Á Đông. Con rồng trên cầu như đang uốn lượn qua dòng sông Hàn, tạo cảm giác sống động và đầy sức sống.\n \n
2. Thiết Kế Độc Đáo Và Ý Nghĩa Biểu Tượng\n \n
Cầu Rồng được thiết kế bởi tập đoàn Louis Berger (Mỹ) và Ammann & Whitney Consulting Engineers. Kiến trúc của cầu lấy cảm hứng từ hình ảnh rồng thời Lý, một trong những thời kỳ thịnh vượng nhất trong lịch sử Việt Nam. Con rồng không chỉ tượng trưng cho sự phát triển và hưng thịnh của Đà Nẵng mà còn là biểu tượng cho sự vươn ra biển lớn, khát vọng mở cửa và hội nhập với thế giới.\n
Rồng trên cầu được làm bằng thép và được sơn màu vàng nổi bật. Màu vàng không chỉ tượng trưng cho sự giàu có và thịnh vượng mà còn phản chiếu ánh sáng mặt trời, tạo nên vẻ rực rỡ cho cây cầu vào ban ngày. Ban đêm, cầu được chiếu sáng bởi hệ thống đèn LED hiện đại với hơn 2.500 chiếc, biến cây cầu thành một tác phẩm nghệ thuật ánh sáng lung linh giữa lòng thành phố.\n \n
3. Cầu Rồng Phun Lửa Và Nước – Điểm Nhấn Đặc Biệt\n \n
Một trong những điều thu hút du khách đến với Cầu Rồng chính là màn trình diễn phun lửa và nước vô cùng ấn tượng vào cuối tuần. Vào mỗi tối thứ Bảy, Chủ Nhật và các ngày lễ lớn, du khách sẽ có cơ hội chiêm ngưỡng Cầu Rồng phun lửa và nước, một màn biểu diễn độc đáo chỉ có tại Đà Nẵng.\n
•	Phun lửa: Vào đúng 21h, rồng sẽ phun lửa từ miệng, tạo ra 9 ngọn lửa mạnh mẽ kéo dài khoảng vài phút. Hình ảnh những ngọn lửa rực cháy giữa đêm tối tạo nên một khung cảnh hùng vĩ và đầy ấn tượng.\n
•	Phun nước: Sau khi phun lửa, Cầu Rồng tiếp tục phun nước trong khoảng 3 phút. Nước được phun ra từ miệng rồng theo dạng sương mù, mang lại cảm giác mát mẻ cho những người đứng gần. Màn phun nước này không chỉ có tác dụng giải trí mà còn giúp làm dịu không khí nóng bức của mùa hè Đà Nẵng.\n
Những màn phun lửa và nước không chỉ là điểm nhấn độc đáo mà còn thể hiện sự sáng tạo trong kiến trúc và kỹ thuật của công trình này, biến Cầu Rồng thành một biểu tượng sống động, đầy cảm hứng.\n \n
4. Vị Trí Đắc Địa Và Kết Nối Giao Thông Thuận Tiện\n \n
Cầu Rồng nằm trên trục đường chính Võ Văn Kiệt, nối liền sân bay quốc tế Đà Nẵng với bãi biển Mỹ Khê, giúp rút ngắn thời gian di chuyển giữa trung tâm thành phố và các khu vực du lịch nổi tiếng. Với vị trí đắc địa, cây cầu không chỉ là tuyến giao thông quan trọng mà còn là nơi du khách có thể ngắm nhìn toàn cảnh thành phố và sông Hàn từ trên cao.\n \n
Từ Cầu Rồng, du khách có thể dễ dàng di chuyển đến các điểm du lịch nổi tiếng khác của Đà Nẵng như Bà Nà Hills, Ngũ Hành Sơn, bán đảo Sơn Trà hay bãi biển Mỹ Khê. Đặc biệt, vào ban đêm, khi hệ thống đèn LED chiếu sáng, Cầu Rồng trở thành địa điểm lý tưởng để du khách chụp ảnh và tận hưởng không khí trong lành, mát mẻ của thành phố.\n \n
5. Cầu Rồng – Điểm Hẹn Văn Hóa Và Du Lịch\n \n
Cầu Rồng không chỉ là một công trình giao thông mà còn là nơi diễn ra nhiều sự kiện văn hóa, lễ hội lớn của thành phố Đà Nẵng. Hàng năm, vào dịp lễ 30/4 và 1/5, Lễ hội Pháo hoa Quốc tế Đà Nẵng được tổ chức bên bờ sông Hàn, thu hút hàng triệu du khách trong và ngoài nước. Cầu Rồng cùng với các cây cầu khác như cầu sông Hàn, cầu Thuận Phước đều trở thành sân khấu tuyệt đẹp cho các màn bắn pháo hoa rực rỡ, tạo nên những khoảnh khắc đáng nhớ.\n
Ngoài ra, vào các dịp lễ Tết, cây cầu còn được trang hoàng lộng lẫy với đèn hoa, cờ và các biểu tượng văn hóa, tạo không khí lễ hội vui tươi và rộn ràng. Cầu Rồng trở thành một điểm hẹn không thể thiếu của người dân Đà Nẵng và du khách trong mỗi dịp đặc biệt.\n \n
6. Sự Kết Hợp Giữa Kiến Trúc Và Thiên Nhiên\n \n
Cầu Rồng không chỉ ấn tượng bởi thiết kế kiến trúc mà còn bởi sự kết hợp hài hòa với cảnh quan thiên nhiên xung quanh. Dòng sông Hàn thơ mộng, xanh biếc chảy dưới chân cầu, kết hợp với những dãy núi xa xa và bầu trời trong xanh, tạo nên một khung cảnh thiên nhiên tuyệt đẹp.\n
Đặc biệt, vào buổi chiều hoàng hôn, khi ánh nắng vàng nhẹ trải dài trên mặt nước, Cầu Rồng như được nhuộm thêm một lớp màu lãng mạn, tạo nên không gian yên bình, trữ tình giữa lòng thành phố sôi động.\n \n
7. Lời Kết\n \n
Cầu Rồng không chỉ là niềm tự hào của người dân Đà Nẵng mà còn là biểu tượng của sự phát triển, sáng tạo và hội nhập của thành phố biển này. Với thiết kế độc đáo, vị trí đắc địa và những màn trình diễn ấn tượng, Cầu Rồng đã và đang thu hút hàng triệu du khách mỗi năm. Nếu có dịp ghé thăm Đà Nẵng, đừng quên dành thời gian để chiêm ngưỡng và trải nghiệm vẻ đẹp của Cầu Rồng – một trong những biểu tượng kiến trúc đặc sắc nhất của Việt Nam.
', 'Hải Châu'),
('4','Bãi biển Mỹ Khê', 'Bãi biển nổi tiếng với cát trắng và nước biển trong xanh.', 'Bãi Biển Mỹ Khê Đà Nẵng: Thiên Đường Cát Trắng Nắng Vàng\n \n
Bãi biển Mỹ Khê, tọa lạc tại thành phố Đà Nẵng, từ lâu đã được vinh danh là một trong những bãi biển đẹp nhất hành tinh. Với bờ cát trắng mịn trải dài, nước biển trong xanh và khí hậu dễ chịu quanh năm, Mỹ Khê không chỉ là điểm đến yêu thích của du khách trong nước mà còn thu hút hàng triệu lượt khách quốc tế mỗi năm. Hãy cùng khám phá vẻ đẹp của bãi biển Mỹ Khê và tìm hiểu lý do tại sao nơi đây lại được ví như một "thiên đường trên mặt đất".\n \n
1. Vị Trí Địa Lý Và Đặc Điểm Thiên Nhiên\n \n
Bãi biển Mỹ Khê nằm cách trung tâm thành phố Đà Nẵng khoảng 6 km về phía Đông, trải dài hơn 7 km từ chân bán đảo Sơn Trà đến cửa sông Cổ Cò. Nơi đây nổi tiếng với bãi cát trắng mịn, thoai thoải và làn nước trong xanh, không có sóng lớn. Biển Mỹ Khê có độ sâu vừa phải, an toàn cho các hoạt động bơi lội và thể thao dưới nước, đặc biệt phù hợp cho gia đình và trẻ em.\n
Khí hậu ở Mỹ Khê ôn hòa, với mùa hè nắng ấm nhưng không quá gắt và mùa đông không quá lạnh. Nhiệt độ trung bình từ 25-30 độ C, cùng với gió biển mát mẻ tạo điều kiện lý tưởng cho các hoạt động ngoài trời và nghỉ dưỡng.\n \n
2. Bãi Biển Mỹ Khê Trong Mắt Thế Giới\n \n
Bãi biển Mỹ Khê không chỉ nổi tiếng trong nước mà còn được quốc tế công nhận là một trong những bãi biển đẹp nhất. Tạp chí Forbes – một trong những tạp chí kinh doanh hàng đầu thế giới – đã từng xếp hạng Mỹ Khê vào danh sách "6 bãi biển quyến rũ nhất hành tinh". Đặc điểm khiến Mỹ Khê trở nên đặc biệt trong mắt du khách nước ngoài là sự kết hợp hoàn hảo giữa thiên nhiên hoang sơ và các dịch vụ du lịch phát triển, đảm bảo mang lại trải nghiệm thoải mái mà vẫn giữ được nét đẹp tự nhiên.\n
Không chỉ có vẻ đẹp thiên nhiên, Mỹ Khê còn ghi dấu ấn với du khách bởi sự thân thiện, hiếu khách của người dân địa phương. Nhiều du khách nước ngoài khi đến Mỹ Khê đã ví nơi đây như một "thiên đường giấu kín" với vẻ đẹp yên bình, không quá đông đúc và xô bồ như nhiều điểm du lịch biển khác trên thế giới.\n \n
3. Các Hoạt Động Thể Thao Và Giải Trí Tại Mỹ Khê\n \n
Bãi biển Mỹ Khê không chỉ là nơi tắm biển lý tưởng mà còn là thiên đường của các hoạt động thể thao và giải trí dưới nước. Du khách có thể tham gia vào nhiều hoạt động thú vị như:\n
•	Lướt ván: Với sóng biển vừa phải, bãi Mỹ Khê là nơi tuyệt vời cho những ai yêu thích lướt ván. Bạn có thể thuê ván và thử sức với môn thể thao này dưới sự hướng dẫn của các huấn luyện viên chuyên nghiệp.\n
•	Chèo thuyền kayak: Nếu bạn muốn trải nghiệm cảm giác thả mình giữa làn nước trong xanh, chèo thuyền kayak là một lựa chọn tuyệt vời. Hoạt động này phù hợp cho những ai yêu thích khám phá và tận hưởng cảm giác tự do giữa đại dương.\n
•	Lặn biển: Biển Mỹ Khê có hệ sinh thái biển phong phú với nhiều rạn san hô và các loài sinh vật biển đẹp mắt. Các tour lặn biển tại đây sẽ đưa bạn vào một thế giới dưới nước đầy màu sắc, nơi bạn có thể tận mắt chiêm ngưỡng sự đa dạng của đại dương.\n
Ngoài các hoạt động dưới nước, bãi biển Mỹ Khê còn có các sân chơi bóng đá, bóng chuyền trên cát cho những du khách yêu thích thể thao. Bạn có thể tham gia các trận đấu giao hữu hoặc đơn giản là ngồi trên bờ cát trắng, ngắm nhìn những người chơi với niềm vui sôi nổi.\n \n
4. Các Khách Sạn Và Khu Nghỉ Dưỡng Cao Cấp\n \n
Mỹ Khê không chỉ hấp dẫn du khách bởi vẻ đẹp thiên nhiên mà còn bởi hệ thống cơ sở hạ tầng du lịch hiện đại, đặc biệt là các khu nghỉ dưỡng và khách sạn cao cấp. Các khu resort nằm dọc bờ biển Mỹ Khê đều được thiết kế sang trọng, đẳng cấp, với tầm nhìn trực tiếp ra biển. Một số khu nghỉ dưỡng nổi tiếng như Fusion Maia, Premier Village hay Vinpearl Resort đều mang đến cho du khách trải nghiệm nghỉ dưỡng tuyệt vời với các tiện ích đẳng cấp quốc tế.\n
Bên cạnh đó, nếu bạn muốn tiết kiệm chi phí hơn, xung quanh khu vực bãi biển cũng có nhiều khách sạn và homestay với mức giá hợp lý nhưng vẫn đảm bảo tiện nghi, phù hợp cho du khách ở ngắn hạn và dài hạn.\n \n
5. Ẩm Thực Biển Đa Dạng\n \n
Một trong những trải nghiệm không thể bỏ qua khi đến với bãi biển Mỹ Khê là thưởng thức hải sản tươi ngon. Các nhà hàng dọc theo bờ biển Mỹ Khê phục vụ nhiều món hải sản tươi sống như tôm, cua, ghẹ, mực và cá, được chế biến theo phong cách địa phương. Đặc biệt, món mì Quảng hải sản và bún chả cá là hai món ăn nổi tiếng mà du khách nhất định phải thử khi đến đây.\n
Ngoài ra, vào buổi tối, dọc bờ biển còn có nhiều quán vỉa hè phục vụ các món ăn nhẹ như bánh xèo, nem lụi, hay hải sản nướng. Bạn có thể ngồi trên những chiếc ghế nhỏ, thưởng thức đồ ăn và ngắm nhìn biển đêm với làn gió mát rượi từ đại dương thổi vào.\n \n
6. Bãi Biển Mỹ Khê – Thiên Đường Cho Mọi Lứa Tuổi\n \n
Bãi biển Mỹ Khê không chỉ thu hút giới trẻ yêu thích sự năng động, sôi nổi mà còn là nơi lý tưởng cho các gia đình. Bãi biển có khu vực an toàn dành riêng cho trẻ em, nơi nước cạn và sóng nhẹ, giúp các bậc cha mẹ yên tâm khi cho con trẻ vui đùa dưới nước.\n
Ngoài ra, với không gian thoáng đãng, không khí trong lành và cảnh quan thiên nhiên đẹp mắt, Mỹ Khê cũng là điểm đến lý tưởng cho những người lớn tuổi muốn nghỉ ngơi, thư giãn. Bạn có thể đi dạo dọc bờ biển vào sáng sớm hoặc chiều tối, ngắm bình minh và hoàng hôn, tận hưởng không gian yên bình, thoát khỏi sự ồn ào của cuộc sống thường ngày.\n \n
7. Bãi Biển Mỹ Khê Trong Tương Lai\n \n
Được xem là một trong những điểm đến hàng đầu tại Đà Nẵng, bãi biển Mỹ Khê tiếp tục được đầu tư và phát triển để đáp ứng nhu cầu ngày càng cao của du khách. Chính quyền thành phố đã và đang đẩy mạnh việc bảo vệ môi trường biển, đảm bảo Mỹ Khê luôn giữ được vẻ đẹp tự nhiên và trong lành.\n
Ngoài ra, nhiều dự án khách sạn, khu nghỉ dưỡng và dịch vụ du lịch đang được xây dựng và mở rộng, hứa hẹn mang lại nhiều trải nghiệm mới mẻ và hấp dẫn cho du khách trong tương lai.\n \n
8. Lời Kết\n \n
Bãi biển Mỹ Khê không chỉ là một điểm đến lý tưởng cho những ai yêu thích biển mà còn là nơi mang lại sự thư giãn, bình yên và hạnh phúc cho mọi du khách. Với bờ cát trắng mịn, làn nước trong xanh và những hoạt động giải trí phong phú, Mỹ Khê chắc chắn sẽ mang lại cho bạn những kỷ niệm khó quên. Nếu bạn đang tìm kiếm một nơi để thoát khỏi nhịp sống hối hả và hòa mình vào thiên nhiên, bãi biển Mỹ Khê Đà Nẵng chính là lựa chọn hoàn hảo.
', 'Sơn Trà'),
(5,'Chùa Linh Ứng', 'Chùa nổi tiếng với bức tượng Phật Bà Quan Âm cao 67m, được đặt trên đỉnh núi, ngắm toàn cảnh thành phố và biển.', 'Chùa Linh Ứng, một trong những ngôi chùa nổi tiếng nhất Đà Nẵng, tọa lạc trên bán đảo Sơn Trà, được xây dựng với mục đích cầu bình an và hạnh phúc cho người dân. Ngôi chùa thu hút mọi ánh nhìn bởi bức tượng Phật Bà Quan Âm khổng lồ, cao 67 mét, đứng sừng sững giữa trời xanh, là biểu tượng của tình thương và sự che chở cho nhân loại. Khi tham quan chùa, du khách sẽ cảm nhận được sự tĩnh lặng và thanh bình, đặc biệt là vào buổi sớm mai khi nắng vừa lên, ánh sáng vàng rực phản chiếu lên tượng Phật tạo nên một khung cảnh huyền ảo. Chùa Linh Ứng không chỉ là nơi thờ cúng mà còn là điểm đến tâm linh cho những ai muốn tìm kiếm sự yên bình trong tâm hồn. Không khí trong lành, tiếng sóng vỗ từ đại dương xa xa cùng mùi hương nhang trầm đã khiến ngôi chùa càng trở nên thiêng liêng hơn. Đến đây, du khách sẽ có cơ hội chiêm nghiệm sâu sắc cũng như lưu giữ lại những kỷ niệm đáng nhớ trong lòng.', 'Sơn Trà'),
(6, 'Công Viên Châu Á', 'Công viên vui chơi giải trí với nhiều trò chơi hấp dẫn, đặc biệt là vòng quay Sun Wheel cao nhất Việt Nam.', 'Công Viên Châu Á Đà Nẵng – Vùng Đất Của Niềm Vui Và Sự Kỳ Thú \n \n
Đà Nẵng không chỉ nổi tiếng với những bãi biển tuyệt đẹp hay những ngọn núi hùng vĩ mà còn là nơi hội tụ của những công trình vui chơi giải trí hoành tráng. Trong số đó, Công Viên Châu Á – Asia Park là điểm đến không thể bỏ qua khi bạn muốn trải nghiệm sự pha trộn giữa nét văn hóa Á Đông và những trò chơi hiện đại hấp dẫn. Với diện tích lên đến 868.694 m², Asia Park không chỉ là khu vui chơi lớn nhất Đà Nẵng mà còn là biểu tượng mới về giải trí của miền Trung. \n
1. Giới Thiệu Chung Về Công Viên Châu Á \n \n
Công Viên Châu Á tọa lạc tại khu vực trung tâm Đà Nẵng, bên bờ sông Hàn, là nơi hội tụ văn hóa và giải trí đa dạng. Công viên được khánh thành vào năm 2014 và nhanh chóng trở thành một trong những điểm du lịch hấp dẫn nhất tại thành phố biển này. Điều đặc biệt của Công Viên Châu Á chính là sự kết hợp giữa hai yếu tố: không gian văn hóa độc đáo và hệ thống trò chơi hiện đại. Công viên chia làm hai khu vực chính: khu văn hóa và khu vui chơi. \n
•	Khu văn hóa: Là nơi tái hiện lại những nét văn hóa độc đáo của 10 quốc gia châu Á như Nhật Bản, Hàn Quốc, Trung Quốc, Ấn Độ, Thái Lan, Nepal, Indonesia, Singapore, Cambodia, và Việt Nam. Tại đây, du khách sẽ được chiêm ngưỡng các công trình kiến trúc nổi bật, biểu tượng văn hóa đặc trưng và tham gia vào những hoạt động truyền thống đặc sắc của từng quốc gia. \n
•	Khu vui chơi: Được trang bị hệ thống trò chơi hiện đại, đa dạng phù hợp cho mọi lứa tuổi. Đây là nơi bạn có thể thử thách bản thân với những trò chơi cảm giác mạnh hay tận hưởng những khoảnh khắc vui vẻ bên gia đình với những trò chơi nhẹ nhàng. \n
2. Các Trò Chơi Nổi Bật Tại Công Viên Châu Á \n \n
Asia Park không chỉ là nơi thu hút du khách bởi vẻ đẹp văn hóa mà còn bởi những trò chơi đẳng cấp quốc tế. Một số trò chơi nổi bật mà bạn không nên bỏ lỡ khi ghé thăm Công Viên Châu Á: \n
•	Sun Wheel: Đây là một trong những bánh xe quan sát lớn nhất thế giới với chiều cao 115m. Sun Wheel không chỉ là biểu tượng của Công Viên Châu Á mà còn là một trong những điểm nhấn của Đà Nẵng. Từ đỉnh bánh xe, du khách có thể ngắm nhìn toàn cảnh thành phố Đà Nẵng về đêm, với ánh đèn lung linh từ những cây cầu và dòng sông Hàn thơ mộng. \n
•	Queen Cobra: Được biết đến là tàu lượn dạng treo lớn nhất Việt Nam, Queen Cobra chắc chắn sẽ mang đến cho bạn cảm giác mạnh mẽ và phấn khích tột độ. Tàu lượn có chiều dài lên đến 689m với 5 vòng xoắn liên tiếp, giúp du khách trải nghiệm tốc độ và sự mạo hiểm ở mức cao nhất. \n
•	Golden Sky Tower: Là tháp rơi tự do cao nhất Việt Nam với độ cao 47m, Golden Sky Tower là lựa chọn hoàn hảo cho những ai yêu thích cảm giác mạnh. Khi tham gia, bạn sẽ được nâng lên độ cao rồi thả rơi tự do với tốc độ cực nhanh, mang đến cảm giác như đang bay bổng giữa không trung. \n
•	Monorail: Khác với những trò chơi cảm giác mạnh, Monorail là hệ thống tàu điện trên cao giúp du khách tham quan toàn bộ công viên một cách thư thái và nhẹ nhàng. Với thiết kế độc đáo và hiện đại, Monorail đưa bạn đi qua các khu vực văn hóa của các nước châu Á, cho bạn một cái nhìn toàn cảnh về vẻ đẹp của công viên. \n
3. Không Gian Văn Hóa Đa Sắc Màu \n \n
Công Viên Châu Á không chỉ là một khu vui chơi mà còn là nơi hội tụ của những nét văn hóa độc đáo đến từ khắp nơi trong châu Á. Mỗi khu vực văn hóa tại đây đều được thiết kế tỉ mỉ, tái hiện lại những công trình kiến trúc nổi bật của các quốc gia. Du khách có thể dạo bước qua những ngôi chùa Nhật Bản, ngắm nhìn những ngôi đền Ấn Độ hay chiêm ngưỡng những ngôi nhà truyền thống của Hàn Quốc. \n
•	Nhật Bản: Khu văn hóa Nhật Bản tại Công Viên Châu Á mang đến cho du khách cơ hội trải nghiệm những nét tinh túy của xứ sở hoa anh đào. Những ngôi chùa, cổng Torii đỏ rực, và những vườn bonsai được bố trí hài hòa, tái hiện không gian văn hóa thanh tịnh của Nhật Bản. \n
•	Hàn Quốc: Khu vực văn hóa Hàn Quốc thu hút du khách với những ngôi nhà truyền thống hanok và những bộ trang phục Hanbok đầy màu sắc. Du khách còn có thể tham gia các hoạt động văn hóa như viết thư pháp, trải nghiệm làm món ăn Hàn Quốc. \n
•	Trung Quốc: Kiến trúc tại khu vực Trung Quốc mang đậm dấu ấn của nền văn minh Trung Hoa cổ đại, với những ngôi đền, cung điện và tường thành cổ kính. Du khách có thể tìm hiểu về lịch sử và văn hóa Trung Quốc thông qua những hoạt động và lễ hội được tổ chức thường xuyên tại đây. \n
Ngoài ra, các khu văn hóa của Thái Lan, Ấn Độ, Cambodia và các quốc gia khác cũng mang đến những trải nghiệm vô cùng thú vị cho du khách. \n
4. Hoạt Động Giải Trí Và Lễ Hội \n \n
Công Viên Châu Á thường xuyên tổ chức các hoạt động giải trí, lễ hội và sự kiện văn hóa. Một trong những sự kiện được mong chờ nhất là Lễ Hội Đèn Lồng vào dịp Tết Nguyên Đán, nơi công viên được trang trí rực rỡ bởi hàng nghìn chiếc đèn lồng đầy màu sắc. Du khách đến đây sẽ được chiêm ngưỡng không gian lung linh huyền ảo và tham gia các hoạt động văn hóa truyền thống như múa lân, múa rồng, và thi gói bánh chưng. \n
Ngoài ra, công viên còn có nhiều hoạt động giải trí như biểu diễn nghệ thuật, xiếc, và những buổi trình diễn âm nhạc, mang đến không khí sôi động và vui tươi cho du khách. \n
5. Ẩm Thực Đa Dạng \n \n
Không chỉ là nơi vui chơi và khám phá văn hóa, Công Viên Châu Á còn là thiên đường ẩm thực với nhiều món ăn đến từ các quốc gia châu Á. Tại đây, bạn có thể thưởng thức những món ăn đặc trưng của Nhật Bản như sushi, ramen, món Hàn Quốc như kimchi, bibimbap, hay các món Trung Quốc như dimsum, vịt quay Bắc Kinh. \n
Khu ẩm thực trong công viên được thiết kế theo từng khu vực văn hóa, giúp du khách dễ dàng lựa chọn món ăn yêu thích. Ngoài ra, còn có nhiều quầy hàng di động và nhà hàng phục vụ các món ăn nhanh phù hợp cho du khách mọi lứa tuổi. \n
6. Lời Kết \n \n
Công Viên Châu Á Đà Nẵng là một điểm đến tuyệt vời cho những ai muốn trải nghiệm sự pha trộn giữa văn hóa và giải trí. Với không gian rộng lớn, hệ thống trò chơi hiện đại và những hoạt động văn hóa đa dạng, Asia Park mang đến những khoảnh khắc vui vẻ và khó quên cho mọi du khách. Nếu bạn đang tìm kiếm một nơi để thỏa mãn niềm đam mê khám phá và tận hưởng những giây phút vui vẻ bên gia đình và bạn bè, thì Công Viên Châu Á chắc chắn sẽ là lựa chọn hoàn hảo cho chuyến du lịch của bạn.
','Hải Châu'),
(7, 'Hội An', 'Hội An là một thành phố cổ nằm bên bờ sông Hoài, nổi tiếng với kiến trúc cổ kính, làng nghề truyền thống và văn hóa đa dạng. Thành phố đã được UNESCO công nhận là di sản văn hóa thế giới từ năm 1999.', 'Hội An – Viên Ngọc Quý Của Miền Trung Việt Nam\n \n
Hội An, thành phố cổ kính nằm bên bờ sông Thu Bồn, là một trong những điểm du lịch nổi tiếng nhất của Việt Nam. Với vẻ đẹp yên bình, những ngôi nhà cổ, và văn hóa đa dạng, Hội An đã trở thành một điểm đến không thể bỏ qua của bất kỳ du khách nào khi đến miền Trung. Chỉ cách thành phố Đà Nẵng khoảng 30km về phía Nam, Hội An không chỉ nổi tiếng với lịch sử lâu đời mà còn là một trong những di sản văn hóa thế giới được UNESCO công nhận vào năm 1999. Bài viết này sẽ giúp bạn khám phá vẻ đẹp của Hội An qua những góc nhìn khác nhau, từ kiến trúc, văn hóa đến ẩm thực và con người.\n \n
1. Lịch Sử Hội An \n \n
Hội An là một trong những thương cảng cổ sầm uất nhất Đông Nam Á từ thế kỷ 15 đến thế kỷ 19. Thành phố này từng là một điểm giao thương quan trọng giữa các nước phương Tây và phương Đông, đặc biệt là Trung Quốc, Nhật Bản và Hà Lan. Những thương nhân từ khắp nơi trên thế giới đã đến đây để buôn bán và trao đổi hàng hóa, tạo nên một nền văn hóa đa sắc màu và phong phú. \n
Dấu ấn của lịch sử này vẫn còn hiện diện rõ nét qua kiến trúc của Hội An. Những ngôi nhà gỗ cổ kính, những ngôi chùa, và những cửa hàng buôn bán truyền thống được bảo tồn gần như nguyên vẹn, tạo nên một bức tranh hài hòa giữa quá khứ và hiện tại. Hội An chính là một minh chứng sống động cho sự giao thoa giữa văn hóa phương Đông và phương Tây. \n \n
2. Kiến Trúc Đặc Trưng \n \n
Một trong những điểm đặc biệt của Hội An là kiến trúc cổ kính, mang đậm phong cách Á Đông kết hợp với những ảnh hưởng từ châu Âu. Những ngôi nhà ở Hội An thường có mái ngói âm dương, tường vàng, và những cửa sổ gỗ khắc hoa văn tinh xảo. Dạo bước trên những con đường nhỏ lát đá của Hội An, du khách sẽ có cảm giác như lạc vào một không gian thời gian khác, nơi mà mọi thứ diễn ra chậm rãi và bình yên. \n
Phố cổ Hội An nổi tiếng với hàng trăm ngôi nhà cổ đã tồn tại qua nhiều thế kỷ. Một số ngôi nhà nổi bật như Nhà cổ Tấn Ký hay Nhà cổ Phùng Hưng là những địa điểm du lịch thu hút đông đảo du khách. Đây là những công trình kiến trúc mang đậm dấu ấn của người Hoa và người Nhật, thể hiện sự kết hợp tinh tế giữa hai nền văn hóa khác nhau. Không chỉ có giá trị về mặt thẩm mỹ, những ngôi nhà này còn là nơi lưu giữ những câu chuyện lịch sử, văn hóa của Hội An qua nhiều thời kỳ. \n \n
3. Văn Hóa Và Nghệ Thuật \n \n
Văn hóa ở Hội An là sự pha trộn hoàn hảo giữa nhiều nền văn hóa khác nhau, từ Trung Quốc, Nhật Bản đến Pháp. Điều này thể hiện rõ nét qua các lễ hội truyền thống, các ngôi đền, chùa chiền và cả trong đời sống hàng ngày của người dân địa phương. Một trong những nét văn hóa độc đáo nhất của Hội An là lễ hội đèn lồng. Vào mỗi dịp rằm, các con đường phố cổ được thắp sáng bởi hàng nghìn chiếc đèn lồng nhiều màu sắc, tạo nên khung cảnh huyền ảo và lung linh. Lễ hội đèn lồng không chỉ là một hoạt động văn hóa mà còn là dịp để người dân bày tỏ lòng thành kính và cầu nguyện cho một năm mới an lành, thịnh vượng. \n
Ngoài ra, Hội An còn là nơi tổ chức các lễ hội truyền thống như lễ hội Nguyên Tiêu, lễ hội Tết Đoan Ngọ, và lễ hội Cầu Bông. Đây là những lễ hội mang tính tâm linh, thường được tổ chức tại các đền chùa và là dịp để cộng đồng gặp gỡ, giao lưu, và thể hiện lòng thành kính đối với tổ tiên và các vị thần linh. \n \n
4. Ẩm Thực Hội An \n \n
Hội An không chỉ nổi tiếng với những công trình kiến trúc cổ kính mà còn là thiên đường của ẩm thực. Mỗi món ăn ở Hội An đều mang một nét đặc trưng riêng, từ nguyên liệu cho đến cách chế biến. Một số món ăn nổi tiếng mà du khách không thể bỏ qua khi đến Hội An bao gồm: \n
•	Cao lầu: Đây là món ăn mang đậm dấu ấn của Hội An, với sự kết hợp giữa sợi mì, thịt heo, rau sống và nước dùng đậm đà. Cao lầu có hương vị độc đáo nhờ sợi mì được làm từ gạo ngâm nước tro lấy từ Cù Lao Chàm, tạo nên độ dai và hương vị riêng biệt. \n
•	Mì Quảng: Món mì này có thể được tìm thấy ở nhiều nơi tại miền Trung Việt Nam, nhưng mì Quảng ở Hội An lại mang một hương vị rất riêng. Sợi mì mềm dai, nước dùng đậm đà, và các loại topping như tôm, thịt, trứng cút đều được chế biến tỉ mỉ, tạo nên một món ăn tuyệt hảo. \n
•	Bánh bao – Bánh vạc: Đây là hai món ăn nhẹ thường được phục vụ cùng nhau. Bánh bao và bánh vạc được làm từ bột gạo mỏng, bên trong là nhân tôm hoặc thịt, ăn kèm với nước mắm chua ngọt và rau sống. \n
•	Cơm gà Hội An: Cơm gà ở Hội An có hương vị thơm ngon nhờ cách chế biến tỉ mỉ từ nguyên liệu đến công đoạn nấu nướng. Thịt gà mềm, cơm được nấu từ nước luộc gà và ăn kèm với rau thơm và nước chấm đặc biệt. \n \n
5. Con Người Hội An \n \n
Người dân Hội An nổi tiếng với sự thân thiện, hiếu khách và luôn sẵn lòng giúp đỡ du khách. Bước chân vào phố cổ, bạn sẽ cảm nhận được sự ấm áp và chân thành từ những người dân địa phương. Họ không chỉ là những người bảo tồn và gìn giữ nét đẹp văn hóa, lịch sử của Hội An mà còn là những "hướng dẫn viên" tận tình, giúp du khách hiểu hơn về cuộc sống và con người nơi đây. \n
Ngoài ra, Hội An còn là nơi tập trung nhiều nghệ nhân tài ba, từ thợ may, thợ làm đèn lồng đến những người thợ gốm. Bạn có thể ghé thăm các làng nghề truyền thống như làng gốm Thanh Hà, làng rau Trà Quế để tìm hiểu về quá trình sản xuất và tận mắt chứng kiến sự khéo léo của các nghệ nhân. \n
6. Du Lịch Sinh Thái Và Làng Nghề \n \n
Bên cạnh phố cổ, Hội An còn có nhiều khu vực ngoại ô mang vẻ đẹp tự nhiên và yên bình. Một trong những điểm đến nổi tiếng là rừng dừa Bảy Mẫu, nơi du khách có thể trải nghiệm chèo thuyền thúng qua những rừng dừa xanh mướt và khám phá đời sống sông nước của người dân địa phương. \n
Ngoài ra, các làng nghề truyền thống như làng gốm Thanh Hà và làng rau Trà Quế cũng là những điểm đến thú vị. Tại đây, du khách có thể tham gia vào các hoạt động sản xuất như làm gốm, trồng rau và tự tay làm những sản phẩm thủ công để mang về làm kỷ niệm. \n \n
7. Lời Kết \n \n
Hội An, với sự hòa quyện hoàn hảo giữa quá khứ và hiện tại, không chỉ là điểm đến du lịch mà còn là nơi lưu giữ những giá trị văn hóa, lịch sử quý báu của Việt Nam. Từ kiến trúc cổ kính, ẩm thực phong phú đến con người hiền hòa, Hội An luôn để lại ấn tượng sâu sắc trong lòng mỗi du khách. Nếu có dịp đến Đà Nẵng, hãy dành ít nhất một ngày để ghé thăm Hội An, trải nghiệm sự yên bình và khám phá những điều thú vị ở mảnh đất đầy sắc màu này.
', 'Hội An'),
(8, 'Bảo Tàng Điêu Khắc Chăm', 'Bảo tàng trưng bày nhiều tác phẩm điêu khắc của nền văn hóa Chăm, là nơi lý tưởng để tìm hiểu về lịch sử và nghệ thuật Chăm-pa.', 'Bảo Tàng Điêu Khắc Chăm Đà Nẵng – Kho Báu Lịch Sử Và Văn Hóa Chăm Pa \n \n
Đà Nẵng, không chỉ nổi tiếng với những bãi biển xinh đẹp và các công trình hiện đại, mà còn là nơi lưu giữ những dấu ấn lịch sử quan trọng của nền văn minh Chăm Pa. Một trong những địa điểm nổi bật minh chứng cho nền văn hóa này là Bảo tàng Điêu khắc Chăm, hay còn được gọi là Bảo tàng Chăm Đà Nẵng. Được thành lập vào năm 1915, bảo tàng này là nơi trưng bày bộ sưu tập lớn nhất về nghệ thuật và văn hóa Chăm Pa ở Việt Nam, thu hút đông đảo du khách trong và ngoài nước đến tham quan và tìm hiểu về nền văn minh huyền bí này. \n
1. Lịch Sử Hình Thành Của Bảo Tàng Điêu Khắc Chăm \n \n
Bảo tàng Điêu khắc Chăm Đà Nẵng ra đời từ nhu cầu bảo tồn và gìn giữ những di vật quý giá của văn hóa Chăm Pa, một nền văn minh đã từng phát triển rực rỡ tại khu vực miền Trung Việt Nam từ thế kỷ thứ 2 đến thế kỷ 15. Ý tưởng thành lập bảo tàng xuất phát từ các nhà khảo cổ học người Pháp thuộc Trường Viễn Đông Bác Cổ, những người đã có công lớn trong việc khai quật và bảo tồn các di tích Chăm Pa. \n
Bảo tàng được thiết kế bởi hai kiến trúc sư người Pháp là Delaval và Auclair, mang phong cách kiến trúc Gothic kết hợp với phong cách Chăm truyền thống. Ban đầu, bảo tàng chỉ có một tòa nhà nhỏ, nhưng sau nhiều lần mở rộng, hiện nay, diện tích của bảo tàng đã tăng lên đáng kể để đáp ứng nhu cầu trưng bày và bảo quản số lượng hiện vật ngày càng lớn. \n
2. Kiến Trúc Và Không Gian Bảo Tàng \n \n
Bảo tàng Điêu khắc Chăm tọa lạc tại ngã ba đường 2/9 và Trưng Nữ Vương, ngay trung tâm thành phố Đà Nẵng. Đây là một công trình kiến trúc độc đáo, kết hợp giữa nét cổ kính của kiến trúc Chăm với sự tinh tế trong phong cách Gothic phương Tây. Điều này không chỉ tạo nên một không gian trưng bày đẹp mắt mà còn mang đến sự gần gũi, hài hòa với các di sản Chăm được trưng bày bên trong. \n
Bước vào bảo tàng, du khách sẽ được đắm mình trong một không gian trang nghiêm, cổ kính với những hiện vật quý giá, từ các bức tượng thần linh, vật dụng đời sống, đến các công trình điêu khắc hoành tráng. Không gian bên trong bảo tàng được chia thành nhiều phòng trưng bày, mỗi phòng đại diện cho từng khu vực và thời kỳ phát triển khác nhau của vương quốc Chăm Pa như Trà Kiệu, Mỹ Sơn, Tháp Mẫm, và Đồng Dương. \n
3. Bộ Sưu Tập Hiện Vật Đặc Sắc \n \n
Bảo tàng Điêu khắc Chăm Đà Nẵng hiện lưu giữ hơn 500 hiện vật, bao gồm các tác phẩm điêu khắc đá, gốm sứ, và các cổ vật bằng đồng. Những hiện vật này chủ yếu được tìm thấy tại các di tích Chăm Pa quan trọng ở miền Trung Việt Nam, từ Quảng Bình đến Bình Thuận. Các hiện vật tại bảo tàng phản ánh rõ nét sự phát triển của nghệ thuật điêu khắc Chăm Pa qua các thời kỳ, với ba phong cách chính: Mỹ Sơn, Đồng Dương, và Tháp Mẫm. \n
•	Phong cách Mỹ Sơn: Đây là phong cách điêu khắc cổ xưa nhất, thể hiện sự ảnh hưởng mạnh mẽ của văn hóa Ấn Độ giáo. Các tác phẩm điêu khắc thuộc phong cách này thường mô tả các vị thần trong Hindu giáo như Shiva, Vishnu, và Brahma. Điểm đặc biệt là những bức tượng thường có kích thước lớn, được chạm khắc tinh xảo trên đá sa thạch, với những đường nét mềm mại và uyển chuyển. \n
•	Phong cách Đồng Dương: Phong cách này thuộc giai đoạn phát triển cực thịnh của văn minh Chăm Pa vào thế kỷ thứ 9 và 10, với ảnh hưởng từ Phật giáo Đại thừa. Những bức tượng Phật và các hình tượng Bồ Tát là những đặc trưng nổi bật của phong cách này. Tượng Phật Đồng Dương tại bảo tàng là một trong những hiện vật quý giá, phản ánh đỉnh cao của nghệ thuật điêu khắc Phật giáo Chăm Pa. \n
•	Phong cách Tháp Mẫm: Phong cách này xuất hiện vào thế kỷ 12-14, khi Chăm Pa chuyển sang thời kỳ suy tàn. Điêu khắc trong giai đoạn này có phần cứng cáp và đơn giản hơn so với hai phong cách trước. Tuy nhiên, nó vẫn giữ được sự tỉ mỉ và tinh xảo trong các chi tiết chạm khắc, đặc biệt là các họa tiết hoa văn và hình tượng các con vật như voi, sư tử, và rắn Naga. \n
4. Giá Trị Văn Hóa Và Lịch Sử \n \n
Bảo tàng Điêu khắc Chăm không chỉ là nơi lưu giữ những tác phẩm nghệ thuật quý giá mà còn là kho tàng chứa đựng những giá trị văn hóa và lịch sử to lớn của vương quốc Chăm Pa. Những hiện vật tại đây giúp du khách hiểu rõ hơn về tín ngưỡng, tôn giáo, và đời sống thường ngày của người Chăm cổ đại. Ngoài ra, bảo tàng còn là minh chứng cho sự giao thoa văn hóa giữa các nền văn minh lớn như Ấn Độ giáo, Phật giáo, và Hồi giáo trong suốt nhiều thế kỷ. \n
Bảo tàng cũng là nơi thu hút các nhà nghiên cứu lịch sử, khảo cổ học đến từ khắp nơi trên thế giới đến tìm hiểu và khám phá thêm về nền văn minh Chăm Pa. Những tư liệu và hiện vật tại đây không chỉ có giá trị về mặt nghệ thuật mà còn là nguồn tư liệu quý giá giúp tái hiện lại một giai đoạn lịch sử đầy biến động của khu vực Đông Nam Á. \n
5. Hoạt Động Tại Bảo Tàng \n \n
Ngoài việc trưng bày các hiện vật quý giá, bảo tàng còn tổ chức nhiều hoạt động văn hóa, giáo dục nhằm giới thiệu và quảng bá nền văn hóa Chăm Pa đến với công chúng. Các buổi triển lãm chuyên đề, hội thảo khoa học và các lớp học về điêu khắc, nghệ thuật Chăm thường xuyên được tổ chức tại đây. \n
Đặc biệt, bảo tàng còn có các tour tham quan dành cho học sinh, sinh viên và du khách, giúp họ hiểu rõ hơn về lịch sử và nghệ thuật Chăm thông qua những câu chuyện và bài giảng từ các hướng dẫn viên chuyên nghiệp. Đây là một cách tuyệt vời để thế hệ trẻ hiểu rõ hơn về di sản văn hóa quý báu của đất nước, đồng thời góp phần bảo tồn và phát huy những giá trị lịch sử lâu đời. \n
6. Một Ngày Khám Phá Bảo Tàng Chăm \n \n
Để khám phá trọn vẹn bảo tàng, bạn nên dành ít nhất nửa ngày để tham quan và chiêm ngưỡng những hiện vật độc đáo tại đây. Bắt đầu từ khu vực trưng bày ngoài trời với những bức tượng và phù điêu hoành tráng, sau đó tiến vào các phòng trưng bày chính để tìm hiểu sâu hơn về nghệ thuật điêu khắc của Chăm Pa. \n
Ngoài ra, bảo tàng cũng có các dịch vụ hỗ trợ du khách như cửa hàng lưu niệm, quán cà phê và khu vực nghỉ ngơi, giúp bạn có một trải nghiệm tham quan thoải mái và thú vị. \n
7. Kết Luận \n \n
Bảo tàng Điêu khắc Chăm Đà Nẵng không chỉ là điểm đến dành cho những ai yêu thích lịch sử và văn hóa, mà còn là nơi giúp bạn tìm hiểu sâu hơn về nền văn minh Chăm Pa đầy huyền bí và phong phú. Với bộ sưu tập hiện vật đồ sộ và giá trị văn hóa, lịch sử to lớn, bảo tàng xứng đáng là một trong những điểm tham quan hàng đầu tại Đà Nẵng. Nếu có dịp đến với thành phố này, đừng quên ghé thăm bảo tàng và trải nghiệm một hành trình khám phá đầy thú vị về quá khứ.
', 'Hải Châu'),
(9, 'Cầu Tình Yêu', 'Cầu có thiết kế hình trái tim, nơi du khách có thể treo khóa tình yêu, tạo nên một không gian lãng mạn bên dòng sông Hàn.', 'Cầu Tình Yêu Đà Nẵng – Biểu Tượng Lãng Mạn Bên Bờ Sông Hàn \n \n
Đà Nẵng, thành phố biển năng động và trẻ trung, không chỉ nổi tiếng với những công trình hiện đại và bãi biển tuyệt đẹp, mà còn là nơi mang đậm dấu ấn văn hóa và những điểm đến lãng mạn. Trong số đó, Cầu Tình Yêu Đà Nẵng đã trở thành một biểu tượng không thể bỏ qua, đặc biệt đối với các cặp đôi yêu nhau. Nằm bên bờ sông Hàn thơ mộng, cầu là nơi hẹn hò, ghi dấu những kỷ niệm tình yêu và cũng là địa điểm check-in hấp dẫn cho du khách. \n
1. Vị Trí Đắc Địa Và Lịch Sử Hình Thành \n \n
Cầu Tình Yêu Đà Nẵng nằm tại bờ Đông sông Hàn, ngay chân cầu Rồng – một trong những cây cầu nổi tiếng nhất của thành phố. Được xây dựng từ năm 2015, cầu không chỉ thu hút người dân địa phương mà còn là một trong những điểm đến yêu thích của du khách trong và ngoài nước. \n
Ý tưởng thiết kế cầu được lấy cảm hứng từ những cây cầu tình yêu nổi tiếng trên thế giới như Cầu Pont des Arts ở Paris hay Cầu Hohenzollern ở Cologne, Đức. Các cặp đôi thường treo những chiếc khóa tình yêu lên thành cầu như một biểu tượng của sự gắn kết vĩnh cửu. Mặc dù cầu Tình Yêu Đà Nẵng không cho phép treo quá nhiều khóa để bảo đảm sự an toàn và thẩm mỹ, nhưng nét lãng mạn của nó vẫn không hề thua kém những cây cầu tình yêu ở phương Tây. \n
2. Kiến Trúc Và Thiết Kế Đặc Biệt \n \n
Cầu Tình Yêu có thiết kế đơn giản nhưng tinh tế và mang tính biểu tượng cao. Cầu dài khoảng 68 mét, rộng 6 mét, tạo ra một không gian thoáng đãng và lãng mạn để các cặp đôi cùng nhau ngắm cảnh sông Hàn. Trên cầu được trang trí bởi hàng trăm chiếc đèn lồng đỏ hình trái tim, thắp sáng rực rỡ vào ban đêm, tạo nên một khung cảnh lung linh, huyền ảo. \n
Khi màn đêm buông xuống, những chiếc đèn lồng này không chỉ làm nổi bật cầu mà còn phản chiếu lên mặt nước sông Hàn, tạo nên một không gian đầy chất thơ. Cảnh tượng này đã thu hút rất nhiều cặp đôi đến để chụp ảnh và lưu giữ những khoảnh khắc đẹp đẽ của tình yêu. \n
3. Biểu Tượng Của Tình Yêu Vĩnh Cửu \n \n
Điểm đặc biệt của cầu Tình Yêu không chỉ nằm ở kiến trúc mà còn ở thông điệp mà nó mang đến. Với biểu tượng tình yêu vĩnh cửu, nơi đây đã trở thành địa điểm lý tưởng để các cặp đôi thể hiện tình cảm của mình bằng việc treo những chiếc khóa tình yêu. Mỗi chiếc khóa được khắc tên của hai người, sau đó được móc vào thành cầu, và chìa khóa được ném xuống sông Hàn như một lời thề rằng tình yêu của họ sẽ mãi mãi bền vững, không gì có thể chia lìa. \n
Mặc dù hiện tại thành phố đã giới hạn việc treo khóa để tránh gây ảnh hưởng đến cấu trúc của cầu, nhưng hình ảnh những chiếc khóa tình yêu treo trên thành cầu vẫn là biểu tượng của sự gắn kết và lãng mạn. Đối với các cặp đôi, việc cùng nhau đến cầu Tình Yêu và thực hiện nghi thức này không chỉ là một kỷ niệm đáng nhớ mà còn là cách để khẳng định tình cảm sâu đậm dành cho nhau. \n
4. Không Gian Lãng Mạn Và Tuyệt Đẹp Cho Các Cặp Đôi \n \n
Bên cạnh những chiếc khóa tình yêu, không gian xung quanh cầu Tình Yêu cũng mang đến một khung cảnh lãng mạn, lý tưởng cho những buổi hẹn hò. Đứng trên cầu, bạn có thể phóng tầm mắt ngắm nhìn toàn cảnh sông Hàn, cầu Rồng hùng vĩ, cùng với thành phố Đà Nẵng hiện đại. Vào buổi tối, khi thành phố lên đèn, ánh sáng lung linh từ cầu Rồng và các tòa nhà cao tầng hai bên bờ sông tạo nên một bức tranh rực rỡ, đầy màu sắc. \n
Ngoài ra, từ cầu Tình Yêu, bạn có thể chiêm ngưỡng tượng Cá Chép Hóa Rồng, một công trình điêu khắc đặc sắc cũng nằm ở khu vực gần đó. Tượng Cá Chép, biểu tượng của sự may mắn và thành công, đã tạo thêm sức hấp dẫn cho không gian nơi đây, góp phần tạo nên một khung cảnh thơ mộng, lý tưởng cho các cặp đôi. \n
5. Hoạt Động Giải Trí Tại Cầu Tình Yêu \n \n
Cầu Tình Yêu không chỉ là nơi để các cặp đôi hẹn hò mà còn là điểm tham quan lý tưởng cho du khách. Đến đây, bạn có thể tham gia vào nhiều hoạt động thú vị như: \n
•	Chụp ảnh lưu niệm: Với khung cảnh đẹp và lãng mạn, cầu Tình Yêu là địa điểm lý tưởng để chụp ảnh, đặc biệt là vào ban đêm khi ánh đèn lồng đỏ thắp sáng lung linh. Các cặp đôi, gia đình hay nhóm bạn bè đều có thể lưu giữ những khoảnh khắc đáng nhớ tại đây. \n
•	Tản bộ ngắm cảnh: Cầu Tình Yêu nằm ngay sát bờ sông Hàn, tạo điều kiện thuận lợi cho việc tản bộ, ngắm cảnh. Cùng người yêu dạo bước trên cầu, ngắm nhìn dòng sông lững lờ trôi, hít thở không khí trong lành là một trải nghiệm khó quên. \n
•	Treo khóa tình yêu: Mặc dù việc treo khóa hiện đã được hạn chế, nhưng nhiều du khách vẫn có thể tự mình chuẩn bị những chiếc khóa đặc biệt để thực hiện nghi thức này như một món quà tinh thần, một kỷ niệm đẹp khi đến Đà Nẵng. \n
6. Cầu Tình Yêu Và Du Lịch Đà Nẵng \n \n
Đà Nẵng là thành phố du lịch nổi tiếng với sự kết hợp hoàn hảo giữa thiên nhiên, văn hóa và con người. Cầu Tình Yêu đã và đang góp phần quan trọng vào sự phát triển du lịch của thành phố. Với vị trí nằm ngay trung tâm và gần các địa điểm du lịch nổi tiếng như cầu Rồng, sông Hàn và tượng Cá Chép Hóa Rồng, cầu Tình Yêu là điểm dừng chân lý tưởng trong hành trình khám phá thành phố của du khách. \n
Không chỉ thu hút các cặp đôi, cầu Tình Yêu còn là nơi mà bất kỳ ai cũng có thể đến để tận hưởng không gian yên bình và lãng mạn. Nơi đây không chỉ là điểm hẹn hò của người dân địa phương mà còn là nơi mà du khách từ khắp nơi đến để chiêm ngưỡng vẻ đẹp của Đà Nẵng về đêm. \n
7. Kết Luận \n \n
Cầu Tình Yêu Đà Nẵng không chỉ là một cây cầu nhỏ bắc qua sông Hàn mà còn là biểu tượng của tình yêu, của những khoảnh khắc lãng mạn và kỷ niệm đẹp của các cặp đôi. Với không gian thơ mộng, thiết kế độc đáo và các hoạt động thú vị, cầu đã trở thành một trong những địa điểm du lịch không thể bỏ qua khi đến Đà Nẵng. Nếu bạn đang tìm kiếm một nơi để ghi dấu tình yêu hay đơn giản chỉ muốn trải nghiệm một không gian lãng mạn bên bờ sông Hàn, cầu Tình Yêu chính là lựa chọn hoàn hảo.
', 'Hải Châu'),
(10, 'Làng Đá Non Nước', ' Một làng nghề truyền thống chuyên sản xuất đá mỹ nghệ, nơi du khách có thể tham quan và mua sắm các sản phẩm thủ công mỹ nghệ.', 'Làng Đá Non Nước Đà Nẵng – Nơi Nghệ Thuật Chạm Khắc Truyền Thống Tỏa Sáng \n \n
Làng Đá Non Nước Đà Nẵng, một trong những làng nghề truyền thống nổi tiếng của Việt Nam, là biểu tượng của sự khéo léo và sáng tạo trong nghệ thuật điêu khắc đá. Tọa lạc dưới chân danh thắng Ngũ Hành Sơn, nơi này không chỉ là một làng nghề lâu đời mà còn là điểm đến thu hút du khách đến khám phá vẻ đẹp tinh tế của các tác phẩm điêu khắc đá. \n
1. Lịch Sử Hình Thành Và Phát Triển \n \n
Làng Đá Non Nước có lịch sử hơn 400 năm, bắt đầu từ thế kỷ 17. Theo truyền thuyết, người sáng lập ra làng nghề này là ông Huỳnh Bá Quát, người từ Thanh Hóa vào Đà Nẵng sinh sống. Ông đã mang theo nghề điêu khắc đá và truyền lại cho người dân địa phương, từ đó phát triển thành làng nghề nổi tiếng. \n
Qua hàng trăm năm, từ những công cụ đơn sơ, người dân làng đá đã sáng tạo ra hàng loạt sản phẩm nghệ thuật từ các phiến đá cẩm thạch, biến chúng thành những tác phẩm có giá trị thẩm mỹ cao. Từ những vật phẩm nhỏ như tượng, vòng tay, cho đến những tác phẩm đồ sộ như tượng Phật, đài phun nước, người dân Non Nước đã tạo dựng được danh tiếng vượt ra khỏi biên giới Việt Nam. \n
2. Vị Trí Địa Lý Và Nguồn Nguyên Liệu Đá \n \n
Làng Đá Non Nước tọa lạc tại phường Hòa Hải, quận Ngũ Hành Sơn, Đà Nẵng, ngay dưới chân dãy núi Ngũ Hành Sơn – nơi cung cấp nguồn đá cẩm thạch dồi dào và đa dạng. Đá ở Ngũ Hành Sơn có nhiều màu sắc khác nhau như trắng, xám, hồng, xanh, và vàng, rất thích hợp cho việc chế tác tượng điêu khắc. \n
Trước đây, người dân làng nghề sử dụng chủ yếu đá từ Ngũ Hành Sơn, tuy nhiên để bảo vệ cảnh quan và tài nguyên thiên nhiên, ngày nay họ phải nhập đá từ các tỉnh khác như Quảng Nam, Quảng Ngãi hay Thanh Hóa. Mặc dù nguồn đá không còn đến từ núi Non Nước, nhưng kỹ thuật và tinh hoa của người thợ vẫn giữ được chất lượng cao cấp cho các sản phẩm điêu khắc. \n
3. Nghệ Thuật Điêu Khắc Đá – Tinh Hoa Làng Nghề \n \n
Kỹ thuật điêu khắc đá của làng Non Nước nổi tiếng với độ tinh xảo và phong phú về chủ đề. Các tác phẩm tại đây thường là tượng Phật, tượng linh vật như rồng, kỳ lân, hay các tác phẩm trang trí kiến trúc, đồ trang sức. Để tạo ra một tác phẩm hoàn chỉnh, người thợ đá phải trải qua nhiều công đoạn phức tạp: từ chọn đá, phác thảo hình dáng, đục đẽo sơ khai, cho đến mài giũa từng chi tiết nhỏ. \n
Một trong những điểm đặc biệt của nghệ thuật điêu khắc ở đây là sự kết hợp hài hòa giữa kỹ thuật truyền thống và cảm hứng hiện đại. Các nghệ nhân không chỉ tuân thủ các quy tắc cổ xưa mà còn sáng tạo và thay đổi phù hợp với nhu cầu của thị trường. Điều này giúp sản phẩm của làng đá Non Nước có sức hút không chỉ đối với người Việt mà còn với du khách quốc tế. \n
4. Sản Phẩm Đa Dạng Và Độc Đáo \n \n
Nhờ sự sáng tạo không ngừng, các sản phẩm của làng đá Non Nước ngày càng trở nên phong phú và đa dạng. Một số sản phẩm tiêu biểu bao gồm: \n
•	Tượng Phật: Những bức tượng Phật được chế tác từ đá cẩm thạch mang lại vẻ thanh thoát và uy nghi. Từ tượng Phật Thích Ca, Phật Di Lặc, đến các tượng Phật bà Quan Âm, tất cả đều được chạm khắc tỉ mỉ, thể hiện sự tôn kính và linh thiêng. \n
•	Tượng linh vật: Những linh vật như rồng, kỳ lân, sư tử cũng là chủ đề phổ biến trong các tác phẩm điêu khắc. Được thể hiện với các đường nét uyển chuyển, tượng linh vật không chỉ mang ý nghĩa phong thủy mà còn là vật trang trí độc đáo. \n
•	Đồ trang trí nội thất: Ngoài các bức tượng, làng nghề còn sản xuất các sản phẩm trang trí nội thất như bình hoa, đài phun nước, và các chi tiết chạm khắc trang trí cho các công trình kiến trúc lớn. \n
•	Trang sức từ đá: Các sản phẩm nhỏ như vòng tay, nhẫn, mặt dây chuyền cũng được chế tác tinh xảo từ đá cẩm thạch, thu hút rất nhiều du khách muốn mua làm kỷ niệm hoặc làm quà tặng. \n
5. Ý Nghĩa Văn Hóa Và Du Lịch \n \n
Làng Đá Non Nước không chỉ là một làng nghề thủ công đơn thuần mà còn là một di sản văn hóa quý giá của Đà Nẵng và Việt Nam. Nghề điêu khắc đá ở đây không chỉ góp phần tạo công ăn việc làm cho người dân địa phương mà còn giúp giữ gìn và phát triển một truyền thống lâu đời của dân tộc. \n
Ngày nay, làng Đá Non Nước đã trở thành điểm đến hấp dẫn cho du khách khi đến Đà Nẵng. Du khách không chỉ có cơ hội mua sắm các sản phẩm điêu khắc độc đáo mà còn được tham quan, chiêm ngưỡng quy trình sản xuất công phu của các nghệ nhân. Đây cũng là cơ hội để tìm hiểu thêm về lịch sử và văn hóa của nghề điêu khắc đá, một nét đẹp trong kho tàng di sản văn hóa Việt Nam. \n
6. Làng Đá Non Nước Và Sự Hội Nhập Quốc Tế \n \n
Trong thời đại toàn cầu hóa, làng nghề đá Non Nước không ngừng đổi mới và phát triển để đáp ứng nhu cầu của thị trường trong và ngoài nước. Nhiều sản phẩm của làng đã xuất khẩu sang các quốc gia như Nhật Bản, Mỹ, Hàn Quốc, và nhiều nước châu Âu, chứng tỏ sức ảnh hưởng và vị thế của làng nghề trên thị trường quốc tế. \n
Bên cạnh đó, các nghệ nhân làng đá cũng tham gia nhiều triển lãm, hội chợ quốc tế về thủ công mỹ nghệ, qua đó giao lưu và học hỏi từ các làng nghề khác trên thế giới. Điều này không chỉ giúp làng nghề Non Nước mở rộng thị trường mà còn góp phần nâng cao chất lượng sản phẩm, tiếp tục phát huy và giữ gìn nghề truyền thống. \n
7. Kết Luận \n \n
Làng Đá Non Nước Đà Nẵng là một trong những làng nghề truyền thống tiêu biểu của Việt Nam, nơi mà nghệ thuật điêu khắc đá đã được duy trì và phát triển qua hàng trăm năm. Đến thăm làng nghề, du khách không chỉ được chiêm ngưỡng những tác phẩm điêu khắc đá tuyệt đẹp mà còn được khám phá về lịch sử và văn hóa của một làng nghề đặc biệt. \n
Trong bối cảnh hội nhập, làng Đá Non Nước vẫn giữ được những giá trị truyền thống quý báu, đồng thời không ngừng đổi mới để phù hợp với xu thế hiện đại. Đây chắc chắn sẽ là một điểm đến lý tưởng cho những ai yêu thích nghệ thuật và muốn tìm hiểu về làng nghề truyền thống của Việt Nam.
', 'Ngũ Hành Sơn'),
(11, 'Hồ Hòa Trung', 'Hồ nhân tạo lớn, thích hợp cho những hoạt động dã ngoại, câu cá và thưởng ngoạn thiên nhiên.', 'Hồ Hòa Trung Đà Nẵng – Vẻ Đẹp Thiên Nhiên Hoang Sơ Và Bình Yên \n \n
Nằm cách trung tâm thành phố Đà Nẵng khoảng 20 km, Hồ Hòa Trung là một trong những điểm đến hoang sơ nhưng đầy quyến rũ mà ít người biết đến. Không nổi tiếng như Bà Nà Hills hay Ngũ Hành Sơn, Hồ Hòa Trung lại mang một vẻ đẹp tự nhiên, thanh bình, hoàn hảo cho những ai đang tìm kiếm một không gian yên tĩnh, tách biệt khỏi nhịp sống đô thị ồn ào. \n
1. Vị Trí Và Đường Đi Đến Hồ Hòa Trung \n \n
Hồ Hòa Trung nằm tại xã Hòa Liên, huyện Hòa Vang, thành phố Đà Nẵng. Từ trung tâm thành phố, du khách chỉ mất khoảng 30-40 phút lái xe để đến được hồ. Để đến đây, bạn có thể di chuyển bằng xe máy hoặc ô tô. Con đường đến Hồ Hòa Trung khá dễ đi, nhưng bạn sẽ cần lưu ý khi đến gần hồ vì có một số đoạn đường hẹp và gồ ghề. \n
Đường đi đến hồ trải qua những cánh đồng lúa, làng quê yên bình của Hòa Vang, tạo cảm giác thư thái và gần gũi với thiên nhiên ngay từ những bước đầu tiên. Hồ nằm ẩn mình giữa những dãy núi xanh rì, tạo nên một khung cảnh hùng vĩ và thơ mộng. \n
2. Khung Cảnh Tự Nhiên Hoang Sơ \n \n
Một trong những điểm nổi bật của Hồ Hòa Trung chính là vẻ đẹp hoang sơ, chưa bị tác động nhiều bởi con người. Hồ là nơi tích nước phục vụ cho tưới tiêu nông nghiệp, nhưng không gian xung quanh hồ lại khiến du khách ngỡ ngàng bởi sự yên bình và rộng lớn. Nước hồ trong vắt, phản chiếu bầu trời xanh cùng những dãy núi trùng điệp bao quanh. \n
Vào mùa mưa, nước trong hồ dâng cao, tràn ngập các thung lũng xung quanh, tạo nên một cảnh quan tuyệt đẹp như một hồ nước lớn. Còn vào mùa khô, mực nước hạ xuống, để lộ ra những cánh đồng cỏ xanh mướt trải dài, biến khu vực quanh hồ thành một "thảo nguyên" tự nhiên. Nhiều du khách ví von Hồ Hòa Trung như một "Mông Cổ thu nhỏ" tại Đà Nẵng bởi khung cảnh hùng vĩ và yên bình này. \n
3. Hoạt Động Thú Vị Tại Hồ Hòa Trung \n \n
Dù không có nhiều dịch vụ du lịch chuyên nghiệp, Hồ Hòa Trung vẫn là điểm đến yêu thích của những người yêu thiên nhiên và ưa thích các hoạt động ngoài trời. Một số hoạt động thú vị bạn có thể trải nghiệm tại đây bao gồm: \n
•	Cắm trại: Hồ Hòa Trung là địa điểm lý tưởng cho các buổi cắm trại cuối tuần. Bạn có thể mang theo lều trại, thức ăn và tổ chức những buổi dã ngoại bên bờ hồ. Không gian rộng rãi, thoáng mát với nền cỏ xanh là nơi tuyệt vời để bạn nghỉ ngơi, thư giãn cùng gia đình hay bạn bè. Vào buổi tối, bạn có thể tổ chức tiệc nướng BBQ và tận hưởng không khí trong lành dưới bầu trời sao. \n
•	Chèo thuyền kayak: Một trong những hoạt động thú vị tại Hồ Hòa Trung là chèo thuyền kayak trên mặt nước phẳng lặng. Cảm giác lênh đênh trên chiếc thuyền nhỏ, hòa mình vào không gian yên tĩnh giữa thiên nhiên là trải nghiệm khó quên đối với bất kỳ ai. Du khách có thể mang theo thuyền kayak hoặc thuê thuyền của người dân địa phương để khám phá khung cảnh tuyệt đẹp xung quanh hồ. \n
•	Chụp ảnh: Với phong cảnh hữu tình, Hồ Hòa Trung là điểm chụp ảnh lý tưởng cho những ai yêu thích nhiếp ảnh. Đặc biệt vào lúc hoàng hôn hay bình minh, ánh nắng mặt trời chiếu rọi lên mặt hồ, tạo nên khung cảnh lãng mạn và huyền ảo. Các bãi cỏ xanh mướt và những hàng cây tạo nên background tuyệt đẹp cho các bức ảnh. \n
•	Đạp xe địa hình: Khu vực quanh hồ với địa hình đa dạng cũng là nơi lý tưởng cho những người yêu thích môn đạp xe địa hình. Đường đi qua những cánh đồng, lên xuống các ngọn đồi nhỏ tạo nên những thử thách thú vị cho người chơi. \n
4. Trải Nghiệm Đời Sống Của Người Dân Địa Phương
Bên cạnh việc tận hưởng khung cảnh thiên nhiên, du khách khi đến Hồ Hòa Trung còn có cơ hội trải nghiệm đời sống của người dân địa phương. Khu vực xung quanh hồ chủ yếu là các làng quê nhỏ, nơi người dân sống chủ yếu bằng nghề nông. Bạn có thể gặp gỡ, trò chuyện với những người dân thân thiện, hiền hòa, cùng họ tìm hiểu về cuộc sống hàng ngày và văn hóa bản địa. \n
Vào một số thời điểm trong năm, người dân tại đây còn tổ chức các hoạt động lễ hội truyền thống. Nếu may mắn, bạn có thể tham gia vào những sự kiện này và khám phá thêm về nét văn hóa đặc trưng của vùng quê Hòa Vang. \n
5. Mùa Đẹp Nhất Để Tham Quan Hồ Hòa Trung \n \n
Mặc dù Hồ Hòa Trung có thể đến thăm bất kỳ thời điểm nào trong năm, nhưng mùa thu và đầu đông (từ tháng 9 đến tháng 12) được xem là thời điểm lý tưởng nhất để khám phá nơi đây. Vào thời gian này, nước hồ dâng cao, khung cảnh trở nên xanh tươi và mát mẻ hơn. Thời tiết không quá nóng, cũng không quá lạnh, rất thích hợp cho các hoạt động ngoài trời như cắm trại, chèo thuyền hay đạp xe. \n
Nếu bạn muốn chiêm ngưỡng cảnh quan giống như thảo nguyên xanh mướt, mùa khô (tháng 4-8) cũng là thời điểm đẹp để đến thăm. Tuy nhiên, cần lưu ý rằng vào mùa khô, nước hồ cạn hơn, và việc chèo thuyền sẽ không thuận lợi bằng. \n
6. Một Điểm Đến Yên Bình Cho Những Tâm Hồn Yêu Thiên Nhiên \n \n
Khác biệt hoàn toàn với những điểm du lịch nổi tiếng và sôi động ở Đà Nẵng, Hồ Hòa Trung mang đến cho du khách cảm giác yên bình, tĩnh lặng và gần gũi với thiên nhiên. Không có tiếng ồn ào của xe cộ hay những dịch vụ giải trí thương mại, Hồ Hòa Trung là nơi để bạn thật sự thư giãn, giải tỏa căng thẳng và tìm lại sự cân bằng trong cuộc sống. \n
Đây cũng là nơi lý tưởng cho những ai muốn thoát khỏi sự đông đúc của các điểm du lịch phổ biến, tìm đến một không gian mở, rộng lớn và hòa mình vào thiên nhiên. Với cảnh sắc hoang sơ và thơ mộng, Hồ Hòa Trung chắc chắn sẽ mang lại cho bạn những trải nghiệm khó quên, đặc biệt khi bạn muốn tìm kiếm một góc bình yên giữa lòng Đà Nẵng. \n
7. Kết Luận \n \n
Hồ Hòa Trung Đà Nẵng là một trong những điểm đến tiềm ẩn của thành phố, nơi mà du khách có thể tận hưởng vẻ đẹp thiên nhiên hoang sơ, hòa mình vào không gian tĩnh lặng và tham gia vào những hoạt động ngoài trời thú vị. Dù chưa được khai thác du lịch nhiều, chính điều này đã làm cho Hồ Hòa Trung giữ được nét đẹp nguyên sơ, hấp dẫn đối với những ai yêu thích khám phá. Nếu bạn đang tìm kiếm một địa điểm mới mẻ và thanh bình cho kỳ nghỉ của mình, Hồ Hòa Trung chắc chắn là một lựa chọn đáng cân nhắc.
', 'Hòa Vang'),
(12, 'Cù Lao Chàm', 'Cù Lao Chàm là quần đảo đẹp cách Đà Nẵng 40 km, nổi tiếng với bãi biển hoang sơ, nước biển trong xanh và hệ sinh thái đa dạng.', 'Cù Lao Chàm Đà Nẵng – Thiên Đường Sinh Thái Biển Đảo Hút Hồn Du Khách \n \n
Cù Lao Chàm, nằm cách bờ biển Cửa Đại khoảng 18 km, là một cụm đảo xinh đẹp thuộc xã đảo Tân Hiệp, thành phố Hội An, tỉnh Quảng Nam. Đây là một trong những điểm đến không thể bỏ qua khi đến Đà Nẵng hoặc Hội An, với vẻ đẹp hoang sơ, biển trong xanh cùng các bãi cát trắng trải dài, Cù Lao Chàm mang đến trải nghiệm đặc biệt cho những ai yêu thích khám phá biển đảo và thiên nhiên. \n
1. Vị Trí Và Đường Đi Đến Cù Lao Chàm \n \n
Để đến được Cù Lao Chàm, du khách có thể xuất phát từ cảng Cửa Đại (Hội An). Từ đây, có hai phương tiện chính để ra đảo là tàu cao tốc và tàu gỗ truyền thống. Với tàu cao tốc, chỉ mất khoảng 20 phút để đến đảo. Tuy nhiên, nếu bạn muốn ngắm nhìn cảnh biển và trải nghiệm cảm giác đi trên sóng biển chậm rãi hơn, có thể chọn tàu gỗ, mất khoảng 1-2 giờ. \n
Đường đến Cù Lao Chàm vừa dễ dàng vừa là một hành trình thú vị, nơi du khách có thể ngắm nhìn những vùng biển đẹp, và cảm nhận được làn gió mát lành từ biển. \n
2. Khám Phá Vẻ Đẹp Tự Nhiên Hoang Sơ \n \n
Cù Lao Chàm bao gồm 8 hòn đảo lớn nhỏ: Hòn Lao, Hòn Dài, Hòn Mồ, Hòn Khô, Hòn La, Hòn Tai, Hòn Ông và Hòn Yến. Trong số này, Hòn Lao là đảo lớn nhất, nơi tập trung khu dân cư và các dịch vụ du lịch. Cù Lao Chàm được UNESCO công nhận là Khu dự trữ sinh quyển thế giới vào năm 2009 nhờ hệ sinh thái đa dạng và cảnh quan thiên nhiên hùng vĩ. \n
Nước biển ở Cù Lao Chàm trong xanh, sạch sẽ, và bạn có thể dễ dàng nhìn thấy các rạn san hô dưới đáy. Các bãi biển như Bãi Chồng, Bãi Hương, Bãi Xếp, và Bãi Ông nổi tiếng với cát trắng, nước trong và cảnh sắc tuyệt đẹp. Đây là những điểm đến lý tưởng cho các hoạt động như tắm biển, lặn ngắm san hô và vui chơi dưới nước. \n
3. Các Hoạt Động Du Lịch Hấp Dẫn Tại Cù Lao Chàm \n \n
Du khách đến Cù Lao Chàm có nhiều hoạt động thú vị để trải nghiệm, từ khám phá thiên nhiên, tìm hiểu văn hóa địa phương đến tận hưởng không khí biển. \n
•	Lặn ngắm san hô: Cù Lao Chàm là một trong những điểm lặn ngắm san hô nổi tiếng ở miền Trung Việt Nam. Các rạn san hô ở đây đa dạng và phong phú với nhiều loại cá và sinh vật biển đẹp mắt. Du khách có thể lặn nông hoặc lặn sâu tùy theo nhu cầu và kỹ năng. Đối với những người chưa có kinh nghiệm, các dịch vụ lặn bình khí hoặc snorkeling (lặn nông với ống thở) cũng sẵn có. \n
•	Tắm biển và thư giãn tại các bãi biển đẹp: Những bãi biển ở Cù Lao Chàm không chỉ đẹp mà còn rất sạch sẽ và hoang sơ, là nơi lý tưởng để thư giãn. Bãi Ông là bãi biển rộng lớn và nổi tiếng nhất, thường được du khách lựa chọn làm nơi nghỉ ngơi, vui chơi và tắm biển. \n
•	Khám phá rừng nguyên sinh: Đảo Cù Lao Chàm có diện tích rừng nguyên sinh lớn, với nhiều loài cây và động vật quý hiếm. Một số cung đường trekking quanh đảo cho phép du khách khám phá hệ sinh thái phong phú và tận hưởng không khí trong lành. Các tuyến đường dọc theo sườn núi còn mang lại cho du khách góc nhìn toàn cảnh ra biển và các đảo lân cận. \n
4. Thăm Quan Các Địa Điểm Lịch Sử Và Văn Hóa \n \n
Bên cạnh các hoạt động ngoài trời, Cù Lao Chàm còn có các điểm tham quan văn hóa và lịch sử thú vị, phản ánh cuộc sống và phong tục của người dân địa phương. \n
•	Giếng cổ Chăm: Nằm ở Bãi Làng, giếng cổ Chăm đã tồn tại hàng trăm năm và được xem như là giếng nước ngọt duy nhất trên đảo. Theo truyền thuyết, giếng này có khả năng giải tỏa những nỗi lo khi đi biển, nên thường được các ngư dân đến uống nước trước khi ra khơi. Du khách cũng tin rằng uống nước giếng sẽ mang lại may mắn. \n
•	Chùa Hải Tạng: Đây là ngôi chùa cổ được xây dựng từ thế kỷ 19, với kiến trúc đơn giản nhưng trang nghiêm, mang đậm nét văn hóa Phật giáo. Ngôi chùa là nơi linh thiêng để người dân địa phương cầu nguyện cho một mùa bội thu, an lành và sức khỏe. Bên cạnh việc tham quan, du khách cũng có thể dâng hương, cầu nguyện tại đây. \n
•	Chợ Tân Hiệp: Nằm ngay bến cảng, chợ Tân Hiệp là nơi tập trung buôn bán các loại hải sản tươi sống, đồ lưu niệm và các sản phẩm thủ công của người dân đảo. Bạn có thể mua các món quà lưu niệm như vòng tay, túi xách làm từ vỏ sò, san hô, hoặc nếm thử hải sản tươi ngon tại đây. \n
5. Thưởng Thức Đặc Sản Cù Lao Chàm \n
Đến với Cù Lao Chàm, du khách không thể bỏ qua các món đặc sản biển ngon miệng và độc đáo: \n
•	Ốc vú nàng: Đây là loại ốc đặc biệt chỉ có ở Cù Lao Chàm. Ốc vú nàng thường được chế biến đơn giản như nướng hoặc luộc để giữ nguyên vị ngọt của thịt ốc. Món ăn này không chỉ ngon mà còn bổ dưỡng, là lựa chọn hấp dẫn cho những ai yêu thích hải sản. \n
•	Cua đá: Cua đá là một loại cua sống trên núi, chỉ ăn cỏ và lá cây. Thịt cua chắc, ngọt và có hương vị đặc trưng không giống bất kỳ loại cua biển nào. Du khách có thể thưởng thức cua đá hấp, nướng, hay nấu lẩu đều rất ngon. \n
•	Rau rừng chấm mắm nêm: Đây là món ăn độc đáo chỉ có ở đảo, kết hợp giữa các loại rau rừng tự nhiên và mắm nêm đặc trưng của miền Trung. Món ăn này đơn giản nhưng có hương vị đậm đà, thể hiện rõ phong vị ẩm thực của người dân đảo. \n
6. Bảo Vệ Môi Trường – Trách Nhiệm Của Du Khách \n \n
Cù Lao Chàm là một khu bảo tồn biển, do đó, mọi hoạt động du lịch ở đây đều phải tuân theo những quy định nghiêm ngặt để bảo vệ môi trường. Du khách khi đến đảo cần chú ý không mang theo túi ni lông, chai nhựa và rác thải khó phân hủy khác. Trên đảo, các dịch vụ đều sử dụng các vật liệu thân thiện với môi trường nhằm giữ gìn vẻ đẹp thiên nhiên. \n
Việc bảo vệ môi trường không chỉ là trách nhiệm của người dân mà còn là của mỗi du khách. Hãy giữ gìn cảnh quan sạch sẽ và không xả rác bừa bãi khi đến thăm quan. \n
7. Kết Luận \n \n
Cù Lao Chàm không chỉ là một điểm du lịch biển đảo xinh đẹp mà còn là một khu bảo tồn thiên nhiên quý giá với hệ sinh thái phong phú và những giá trị văn hóa truyền thống độc đáo. Chuyến du lịch đến Cù Lao Chàm sẽ mang lại cho bạn những trải nghiệm khó quên: từ việc hòa mình vào làn nước trong xanh, khám phá các rạn san hô đầy màu sắc, đến việc tham quan các di tích lịch sử và thưởng thức ẩm thực đặc sản. \n
Với những ai yêu thiên nhiên, muốn tìm kiếm một nơi yên bình để thư giãn, hoặc những bạn trẻ thích khám phá những điều mới lạ, Cù Lao Chàm chắc chắn là điểm đến lý tưởng. Đây là nơi để bạn tạm quên đi nhịp sống hối hả và hòa mình vào thiên nhiên tuyệt đẹp.
', 'Hội An'),
(13, 'Thánh Địa Mỹ Sơn', 'Di Sản Văn Hóa Thế Giới và Nơi Lưu Giữ Lịch Sử Chăm Pa Huy Hoàng', 'Thánh Địa Mỹ Sơn Đà Nẵng – Di Sản Văn Hóa Thế Giới và Nơi Lưu Giữ Lịch Sử Chăm Pa Huy Hoàng \n \n
Thánh địa Mỹ Sơn, nằm ở tỉnh Quảng Nam cách thành phố Đà Nẵng khoảng 70km, là một trong những điểm du lịch nổi tiếng của miền Trung Việt Nam, thu hút hàng nghìn du khách mỗi năm. Đây là khu di tích tôn giáo lâu đời của người Chăm, được xây dựng vào thế kỷ IV và tồn tại như một trong những minh chứng quý giá về nền văn minh cổ đại Chăm Pa. Được UNESCO công nhận là Di sản Văn hóa Thế giới vào năm 1999, Mỹ Sơn không chỉ mang giá trị văn hóa, lịch sử sâu sắc mà còn là biểu tượng của sự sáng tạo và tài hoa của người xưa. \n
1. Lịch Sử Và Ý Nghĩa Của Thánh Địa Mỹ Sơn \n \n
Thánh địa Mỹ Sơn ban đầu là nơi thờ phụng các vị thần của Ấn Độ giáo, đặc biệt là thần Shiva, vị thần biểu tượng cho sức mạnh và sự hủy diệt trong tín ngưỡng của người Chăm Pa. Qua nhiều thế kỷ, các vua Chăm Pa đã xây dựng và mở rộng khu thánh địa này, biến nơi đây thành trung tâm tôn giáo lớn và quan trọng nhất của vương quốc Chăm Pa. \n
Mỹ Sơn không chỉ là nơi thờ cúng mà còn là nơi tổ chức các lễ nghi và nghi thức tôn giáo của vương quốc Chăm Pa. Những vị vua Chăm đã lựa chọn nơi này để tỏ lòng kính trọng với thần linh, đồng thời cũng là cách để khẳng định quyền lực và bảo vệ vương quốc. Mỗi công trình đều được xây dựng công phu, tỉ mỉ và chứa đựng nhiều yếu tố tâm linh. \n
2. Kiến Trúc Đặc Sắc Của Mỹ Sơn \n \n
Mỹ Sơn nổi bật với kiến trúc đền tháp độc đáo, sử dụng các viên gạch nung đặc biệt để xây dựng. Điều thú vị là người Chăm Pa xưa đã xây dựng các ngôi đền mà không dùng xi măng hay chất kết dính nào, mà chỉ ghép các viên gạch lại với nhau, tạo thành những bức tường vững chắc tồn tại qua hàng thế kỷ. Đến nay, kỹ thuật xây dựng đặc biệt này vẫn là điều bí ẩn đối với các nhà nghiên cứu và kiến trúc sư. \n
Cụm đền tháp ở Mỹ Sơn được chia thành nhiều nhóm khác nhau, mỗi nhóm có một đền chính và các tháp phụ. Các công trình chính được xây dựng theo hình thức linga và yoni – biểu tượng của thần Shiva và Nữ thần Mẹ. Mỹ Sơn bao gồm nhiều cụm tháp, được đánh số từ A đến N với mỗi cụm có ý nghĩa và chức năng riêng, từ thờ cúng đến bảo vệ cho người dân Chăm Pa. \n
3. Những Điểm Độc Đáo Trong Nghệ Thuật Điêu Khắc \n \n
Một trong những điểm đặc sắc của Mỹ Sơn là nghệ thuật điêu khắc. Các phù điêu chạm khắc trên tường gạch miêu tả các câu chuyện thần thoại, các vị thần, linh vật và vũ công Apsara. Những hình ảnh này không chỉ mang ý nghĩa tôn giáo mà còn cho thấy sự khéo léo, tài hoa của người Chăm Pa xưa. \n
Các tác phẩm điêu khắc ở Mỹ Sơn hầu hết đều mang đậm phong cách nghệ thuật Hindu giáo, với các hình ảnh của thần Shiva, Vishnu và Brahma. Đặc biệt, hình ảnh các vũ công Apsara trong những động tác uyển chuyển, gợi cảm đã trở thành biểu tượng tiêu biểu của nghệ thuật Chăm Pa. \n
4. Khám Phá Thánh Địa Mỹ Sơn Qua Các Thời Kỳ \n \n
Thánh địa Mỹ Sơn đã trải qua nhiều giai đoạn phát triển, từ thời kỳ tiền Chăm Pa đến thời kỳ Chăm Pa phát triển mạnh mẽ. Mỗi thời kỳ để lại những phong cách kiến trúc và nghệ thuật khác nhau, từ phong cách kiến trúc cổ điển đến phong cách kiến trúc muộn của Chăm Pa. Điều này làm cho Mỹ Sơn trở thành một kho tàng văn hóa phong phú và đa dạng, phản ánh rõ nét quá trình phát triển và thay đổi của nền văn minh Chăm Pa. \n
•	Thời kỳ cổ điển (thế kỷ IV-VIII): Đây là thời kỳ bắt đầu hình thành thánh địa Mỹ Sơn với các đền thờ bằng gỗ. Các công trình từ thời kỳ này tuy không còn nhưng đã đánh dấu bước khởi đầu của thánh địa. \n
•	Thời kỳ hưng thịnh (thế kỷ IX-XI): Đây là thời kỳ đỉnh cao của Mỹ Sơn, khi các vị vua Chăm Pa cho xây dựng nhiều đền tháp lớn. Kiến trúc và điêu khắc ở giai đoạn này có nhiều chi tiết tinh xảo và quy mô hoành tráng hơn, thể hiện sự phát triển mạnh mẽ của Chăm Pa. \n
•	Thời kỳ suy tàn (thế kỷ XIII-XIV): Đây là giai đoạn suy tàn của Chăm Pa, do đó, các công trình xây dựng trong thời kỳ này thường nhỏ hơn và ít tinh xảo hơn. \n
5. Giá Trị Văn Hóa Và Lịch Sử \n \n
Thánh địa Mỹ Sơn không chỉ là di sản của người Chăm mà còn là niềm tự hào của cả dân tộc Việt Nam. Những giá trị văn hóa, lịch sử và tôn giáo nơi đây mang lại cho Mỹ Sơn một vị thế quan trọng trong lịch sử văn hóa nhân loại. Các ngôi đền tháp không chỉ thể hiện được sự sáng tạo mà còn phản ánh niềm tin tôn giáo, cuộc sống và tinh thần của người Chăm Pa qua nhiều thế kỷ. \n
Ngoài ra, Mỹ Sơn còn là minh chứng cho sự giao thoa văn hóa giữa các nền văn minh, đặc biệt là giữa Chăm Pa và Ấn Độ. Sự ảnh hưởng của Ấn Độ giáo, đặc biệt là Hindu giáo, đã tạo nên một phong cách kiến trúc độc đáo, khác biệt với các nền văn minh khác. \n
6. Khám Phá Thánh Địa Mỹ Sơn Qua Các Tour Du Lịch \n \n
Hiện nay, Mỹ Sơn đã trở thành điểm đến phổ biến trong các tour du lịch văn hóa của miền Trung. Du khách có thể tham gia các tour từ Đà Nẵng hoặc Hội An để khám phá thánh địa. Thường các tour sẽ bao gồm hướng dẫn viên giới thiệu về lịch sử và văn hóa của người Chăm Pa, giúp du khách hiểu hơn về ý nghĩa của từng công trình trong khu di tích. \n
Ngoài ra, vào những dịp đặc biệt, Mỹ Sơn còn tổ chức các buổi biểu diễn nghệ thuật Chăm, trong đó có múa Apsara và trống Ghi năng. Đây là cơ hội để du khách trải nghiệm thêm văn hóa của người Chăm Pa một cách sinh động và gần gũi. \n
7. Lưu Ý Khi Tham Quan Mỹ Sơn \n \n
•	Bảo vệ di tích: Vì Mỹ Sơn là di sản văn hóa quan trọng, du khách cần tuân thủ các quy định bảo vệ di tích. Không tự ý trèo lên các công trình hay sờ vào các bức phù điêu, tượng thần. \n
•	Thời gian tham quan: Thời gian lý tưởng để tham quan Mỹ Sơn là vào buổi sáng sớm hoặc chiều muộn, khi thời tiết mát mẻ và ánh nắng nhẹ nhàng hơn, giúp việc ngắm cảnh và chụp ảnh thuận lợi hơn. \n
•	Trang phục và chuẩn bị: Do Mỹ Sơn nằm ở khu vực rừng núi, du khách nên mặc quần áo thoải mái, mang giày thể thao và mang theo nước uống để tránh mất nước trong quá trình tham quan. \n
8. Kết Luận \n \n
Thánh địa Mỹ Sơn là một trong những di sản văn hóa quý giá nhất của Việt Nam, nơi lưu giữ những câu chuyện lịch sử của một nền văn minh cổ đại huy hoàng. Với vẻ đẹp của kiến trúc đền tháp và nghệ thuật điêu khắc độc đáo, Mỹ Sơn không chỉ là điểm đến hấp dẫn mà còn là nơi để du khách hiểu hơn về quá khứ và văn hóa của người Chăm Pa. \n
Chuyến tham quan Mỹ Sơn không chỉ là cuộc hành trình trở về với lịch sử, mà còn là cơ hội để du khách chiêm ngưỡng vẻ đẹp tinh hoa của nghệ thuật Chăm Pa và tận hưởng không gian thiên nhiên hoang sơ, yên bình.
', 'Quảng Nam');

-- Bảng Schedule
INSERT INTO Schedule (tour_id, site_id, tour_guide, start_time, end_time, location, description) VALUES
('TOUR001', 1, 'Lê Mỹ Duyên', '2024-12-20 07:00:00', '2024-12-21 17:00:00', 'Đà Nẵng', 'Tham quan Ngũ Hành Sơn, biển Mỹ Khê, và các điểm đến nổi bật khác.'),
('TOUR002', 2, 'Nguyễn Quang Sang', '2024-12-21 07:00:00', '2024-12-22 16:00:00', 'Bà Nà Hills', 'Khám Phá Bà Nà Hills Đà Nẵng: Thiên Đường Trên Cao
Bà Nà Hills, được mệnh danh là “Sapa của miền Trung”, nằm cách trung tâm thành phố Đà Nẵng khoảng 25 km về phía Tây. Với độ cao hơn 1.400 mét so với mực nước biển, nơi đây không chỉ nổi tiếng với khí hậu mát mẻ quanh năm mà còn thu hút du khách bởi cảnh quan tuyệt đẹp và các công trình kiến trúc độc đáo. Được xây dựng với mục tiêu trở thành một khu nghỉ dưỡng đẳng cấp, Bà Nà Hills ngày nay đã trở thành một trong những điểm đến không thể bỏ qua khi ghé thăm Đà Nẵng.');

-- Bảng Image_site
INSERT INTO Image_site (site_id, image_url) VALUES
('1', 'Ngũ-Hành-Sơn.jpg'),
('2', 'Bà-Nà-Hills.jpg'),
('3', 'cau-rong.jpg'),
('4', 'bien-my-khe.jpg'),
('5', 'img-ss1-4.jpg'),
('6', 'cong-vien-chau-a.jpg'),
('7', 'Hội-An.jpg'),
('8', 'bao-tang-cham-pa.jpg'),
('9', 'cau-tinh-yeu.jpg'),
('10', 'lang-da-non-nuoc.jpg'),
('11', 'ho-hoa-trung-.jpeg'),
('12', 'Cu_Lao_Cham.jpg'),
('13', 'Thanh-dia-my-son.jpg');




